-- phpMyAdmin SQL Dump
-- version 5.2.0
-- https://www.phpmyadmin.net/
--
-- Host: 127.0.0.1
-- Generation Time: Jun 18, 2024 at 03:31 PM
-- Server version: 10.4.27-MariaDB
-- PHP Version: 8.2.0

SET SQL_MODE = "NO_AUTO_VALUE_ON_ZERO";
START TRANSACTION;
SET time_zone = "+00:00";


/*!40101 SET @OLD_CHARACTER_SET_CLIENT=@@CHARACTER_SET_CLIENT */;
/*!40101 SET @OLD_CHARACTER_SET_RESULTS=@@CHARACTER_SET_RESULTS */;
/*!40101 SET @OLD_COLLATION_CONNECTION=@@COLLATION_CONNECTION */;
/*!40101 SET NAMES utf8mb4 */;

--
-- Database: `bcl_futsal`
--

-- --------------------------------------------------------

--
-- Table structure for table `booking`
--

CREATE TABLE `booking` (
  `id` varchar(200) NOT NULL,
  `id_pelanggan` varchar(200) NOT NULL,
  `id_lapangan` int(11) NOT NULL,
  `tanggal` date NOT NULL,
  `jam_mulai` varchar(100) NOT NULL,
  `status` enum('Booking','Lunas') NOT NULL,
  `harga` int(11) NOT NULL,
  `status2` varchar(100) NOT NULL
) ENGINE=InnoDB DEFAULT CHARSET=utf8mb4 COLLATE=utf8mb4_general_ci;

--
-- Dumping data for table `booking`
--

INSERT INTO `booking` (`id`, `id_pelanggan`, `id_lapangan`, `tanggal`, `jam_mulai`, `status`, `harga`, `status2`) VALUES
('BK240101001', 'P0001', 1, '2024-01-01', '08:00 - 09:00', 'Lunas', 100000, 'Sukses'),
('BK240101002', 'P0002', 1, '2024-01-01', '10:00 - 11:00', 'Lunas', 100000, 'Sukses'),
('BK240101003', 'P0003', 1, '2024-01-01', '11:00 - 12:00', 'Lunas', 100000, 'Sukses'),
('BK240101004', 'P0004', 1, '2024-01-01', '12:00 - 13:00', 'Lunas', 100000, 'Sukses'),
('BK240101005', 'P0005', 1, '2024-01-01', '13:00 - 14:00', 'Lunas', 100000, 'Sukses'),
('BK240101006', 'P0006', 2, '2024-01-01', '10:00 - 11:00', 'Lunas', 120000, 'Sukses'),
('BK240101007', 'P0007', 2, '2024-01-01', '11:00 - 12:00', 'Lunas', 120000, 'Sukses'),
('BK240101008', 'P0008', 2, '2024-01-01', '12:00 - 13:00', 'Lunas', 120000, 'Sukses'),
('BK240101009', 'P0009', 2, '2024-01-01', '13:00 - 14:00', 'Lunas', 120000, 'Sukses'),
('BK240101010', 'P0010', 2, '2024-01-01', '14:00 - 15:00', 'Lunas', 120000, 'Sukses'),
('BK240101011', 'P0011', 1, '2024-01-02', '13:00 - 14:00', 'Lunas', 100000, 'Sukses'),
('BK240101012', 'P0012', 1, '2024-01-02', '14:00 - 15:00', 'Lunas', 100000, 'Sukses'),
('BK240101013', 'P0013', 1, '2024-01-02', '15:00 - 16:00', 'Lunas', 100000, 'Sukses'),
('BK240101014', 'P0014', 1, '2024-01-02', '16:00 - 17:00', 'Lunas', 100000, 'Sukses'),
('BK240101015', 'P0015', 1, '2024-01-02', '17:00 - 18:00', 'Lunas', 100000, 'Sukses'),
('BK240101016', 'P0016', 2, '2024-01-02', '13:00 - 14:00', 'Lunas', 120000, 'Sukses'),
('BK240101017', 'P0017', 2, '2024-01-02', '14:00 - 15:00', 'Lunas', 120000, 'Sukses'),
('BK240101018', 'P0018', 2, '2024-01-02', '15:00 - 16:00', 'Lunas', 120000, 'Sukses'),
('BK240101019', 'P0019', 2, '2024-01-02', '16:00 - 17:00', 'Lunas', 120000, 'Sukses'),
('BK240101020', 'P0020', 2, '2024-01-02', '17:00 - 18:00', 'Lunas', 120000, 'Sukses'),
('BK240101021', 'P0021', 1, '2024-01-03', '13:00 - 14:00', 'Lunas', 100000, 'Sukses'),
('BK240101022', 'P0022', 1, '2024-01-03', '14:00 - 15:00', 'Lunas', 100000, 'Sukses'),
('BK240101023', 'P0023', 1, '2024-01-03', '15:00 - 16:00', 'Lunas', 100000, 'Sukses'),
('BK240101024', 'P0024', 1, '2024-01-03', '16:00 - 17:00', 'Lunas', 100000, 'Sukses'),
('BK240101025', 'P0025', 1, '2024-01-03', '17:00 - 18:00', 'Lunas', 100000, 'Sukses'),
('BK240101026', 'P0026', 2, '2024-01-03', '13:00 - 14:00', 'Lunas', 120000, 'Sukses'),
('BK240101027', 'P0027', 2, '2024-01-03', '14:00 - 15:00', 'Lunas', 120000, 'Sukses'),
('BK240101028', 'P0028', 2, '2024-01-03', '15:00 - 16:00', 'Lunas', 120000, 'Sukses'),
('BK240101029', 'P0029', 2, '2024-01-03', '16:00 - 17:00', 'Lunas', 120000, 'Sukses'),
('BK240101030', 'P0030', 2, '2024-01-03', '17:00 - 18:00', 'Lunas', 120000, 'Sukses'),
('BK240101031', 'P0031', 1, '2024-01-04', '13:00 - 14:00', 'Lunas', 100000, 'Sukses'),
('BK240101032', 'P0032', 1, '2024-01-04', '14:00 - 15:00', 'Lunas', 100000, 'Sukses'),
('BK240101033', 'P0033', 1, '2024-01-04', '15:00 - 16:00', 'Lunas', 100000, 'Sukses'),
('BK240101034', 'P0034', 1, '2024-01-04', '16:00 - 17:00', 'Lunas', 100000, 'Sukses'),
('BK240101035', 'P0035', 1, '2024-01-04', '17:00 - 18:00', 'Lunas', 100000, 'Sukses'),
('BK240101036', 'P0036', 2, '2024-01-04', '13:00 - 14:00', 'Lunas', 120000, 'Sukses'),
('BK240101037', 'P0037', 2, '2024-01-04', '14:00 - 15:00', 'Lunas', 120000, 'Sukses'),
('BK240101038', 'P0038', 2, '2024-01-04', '15:00 - 16:00', 'Lunas', 120000, 'Sukses'),
('BK240101039', 'P0039', 2, '2024-01-04', '16:00 - 17:00', 'Lunas', 120000, 'Sukses'),
('BK240101040', 'P0040', 2, '2024-01-04', '17:00 - 18:00', 'Lunas', 120000, 'Sukses'),
('BK240101041', 'P0041', 1, '2024-01-05', '13:00 - 14:00', 'Lunas', 100000, 'Sukses'),
('BK240101042', 'P0042', 1, '2024-01-05', '14:00 - 15:00', 'Lunas', 100000, 'Sukses'),
('BK240101043', 'P0043', 1, '2024-01-05', '15:00 - 16:00', 'Lunas', 100000, 'Sukses'),
('BK240101044', 'P0044', 1, '2024-01-05', '16:00 - 17:00', 'Lunas', 100000, 'Sukses'),
('BK240101045', 'P0045', 1, '2024-01-05', '17:00 - 18:00', 'Lunas', 100000, 'Sukses'),
('BK240101046', 'P0046', 2, '2024-01-05', '13:00 - 14:00', 'Lunas', 120000, 'Sukses'),
('BK240101047', 'P0047', 2, '2024-01-05', '14:00 - 15:00', 'Lunas', 120000, 'Sukses'),
('BK240101048', 'P0048', 2, '2024-01-05', '15:00 - 16:00', 'Lunas', 120000, 'Sukses'),
('BK240101049', 'P0049', 2, '2024-01-05', '16:00 - 17:00', 'Lunas', 120000, 'Sukses'),
('BK240101050', 'P0050', 1, '2024-01-06', '13:00 - 14:00', 'Lunas', 100000, 'Sukses'),
('BK240101051', 'P0051', 1, '2024-01-06', '14:00 - 15:00', 'Lunas', 100000, 'Sukses'),
('BK240101052', 'P0052', 1, '2024-01-06', '15:00 - 16:00', 'Lunas', 100000, 'Sukses'),
('BK240101053', 'P0053', 1, '2024-01-06', '16:00 - 17:00', 'Lunas', 100000, 'Sukses'),
('BK240101054', 'P0054', 2, '2024-01-06', '13:00 - 14:00', 'Lunas', 120000, 'Sukses'),
('BK240101055', 'P0055', 2, '2024-01-06', '14:00 - 15:00', 'Lunas', 120000, 'Sukses'),
('BK240101056', 'P0056', 2, '2024-01-06', '15:00 - 16:00', 'Lunas', 120000, 'Sukses'),
('BK240101057', 'P0057', 2, '2024-01-06', '16:00 - 17:00', 'Lunas', 120000, 'Sukses'),
('BK240101058', 'P0058', 2, '2024-01-06', '17:00 - 18:00', 'Lunas', 120000, 'Sukses'),
('BK240101059', 'P0059', 2, '2024-01-06', '18:00 - 19:00', 'Lunas', 120000, 'Sukses'),
('BK240101060', 'P0060', 1, '2024-01-07', '13:00 - 14:00', 'Lunas', 100000, 'Sukses'),
('BK240101061', 'P0061', 1, '2024-01-07', '14:00 - 15:00', 'Lunas', 100000, 'Sukses'),
('BK240101062', 'P0062', 1, '2024-01-07', '15:00 - 16:00', 'Lunas', 100000, 'Sukses'),
('BK240101063', 'P0063', 1, '2024-01-07', '16:00 - 17:00', 'Lunas', 100000, 'Sukses'),
('BK240101064', 'P0064', 1, '2024-01-07', '17:00 - 18:00', 'Lunas', 100000, 'Sukses'),
('BK240101065', 'P0065', 1, '2024-01-07', '18:00 - 19:00', 'Lunas', 100000, 'Sukses'),
('BK240101066', 'P0066', 2, '2024-01-07', '13:00 - 14:00', 'Lunas', 120000, 'Sukses'),
('BK240101067', 'P0067', 2, '2024-01-07', '14:00 - 15:00', 'Lunas', 120000, 'Sukses'),
('BK240101068', 'P0068', 2, '2024-01-07', '15:00 - 16:00', 'Lunas', 120000, 'Sukses'),
('BK240101069', 'P0069', 2, '2024-01-07', '16:00 - 17:00', 'Lunas', 120000, 'Sukses'),
('BK240101070', 'P0070', 2, '2024-01-07', '17:00 - 18:00', 'Lunas', 120000, 'Sukses'),
('BK240201071', 'P0071', 1, '2024-02-01', '13:00 - 14:00', 'Lunas', 100000, 'Sukses'),
('BK240201072', 'P0072', 1, '2024-02-01', '14:00 - 15:00', 'Lunas', 100000, 'Sukses'),
('BK240201073', 'P0073', 1, '2024-02-01', '15:00 - 16:00', 'Lunas', 100000, 'Sukses'),
('BK240201074', 'P0074', 1, '2024-02-01', '16:00 - 17:00', 'Lunas', 100000, 'Sukses'),
('BK240201075', 'P0075', 1, '2024-02-01', '17:00 - 18:00', 'Lunas', 100000, 'Sukses'),
('BK240201076', 'P0076', 2, '2024-02-01', '13:00 - 14:00', 'Lunas', 120000, 'Sukses'),
('BK240201077', 'P0077', 2, '2024-02-01', '14:00 - 15:00', 'Lunas', 120000, 'Sukses'),
('BK240201078', 'P0078', 2, '2024-02-01', '15:00 - 16:00', 'Lunas', 120000, 'Sukses'),
('BK240201079', 'P0079', 2, '2024-02-01', '16:00 - 17:00', 'Lunas', 120000, 'Sukses'),
('BK240201080', 'P0080', 2, '2024-02-01', '17:00 - 18:00', 'Lunas', 120000, 'Sukses'),
('BK240201081', 'P0081', 1, '2024-02-02', '13:00 - 14:00', 'Lunas', 100000, 'Sukses'),
('BK240201082', 'P0082', 1, '2024-02-02', '14:00 - 15:00', 'Lunas', 100000, 'Sukses'),
('BK240201083', 'P0083', 1, '2024-02-02', '15:00 - 16:00', 'Lunas', 100000, 'Sukses'),
('BK240201084', 'P0084', 1, '2024-02-02', '16:00 - 17:00', 'Lunas', 100000, 'Sukses'),
('BK240201085', 'P0085', 1, '2024-02-02', '17:00 - 18:00', 'Lunas', 100000, 'Sukses'),
('BK240201086', 'P0086', 2, '2024-02-02', '13:00 - 14:00', 'Lunas', 120000, 'Sukses'),
('BK240201087', 'P0087', 2, '2024-02-02', '14:00 - 15:00', 'Lunas', 120000, 'Sukses'),
('BK240201088', 'P0088', 2, '2024-02-02', '15:00 - 16:00', 'Lunas', 120000, 'Sukses'),
('BK240201089', 'P0089', 2, '2024-02-02', '16:00 - 17:00', 'Lunas', 120000, 'Sukses'),
('BK240201090', 'P0090', 2, '2024-02-02', '17:00 - 18:00', 'Lunas', 120000, 'Sukses'),
('BK240201091', 'P0091', 1, '2024-02-03', '13:00 - 14:00', 'Lunas', 100000, 'Sukses'),
('BK240201092', 'P0092', 1, '2024-02-03', '14:00 - 15:00', 'Lunas', 100000, 'Sukses'),
('BK240201093', 'P0093', 1, '2024-02-03', '15:00 - 16:00', 'Lunas', 100000, 'Sukses'),
('BK240201094', 'P0094', 1, '2024-02-03', '16:00 - 17:00', 'Lunas', 100000, 'Sukses'),
('BK240201095', 'P0095', 1, '2024-02-03', '17:00 - 18:00', 'Lunas', 100000, 'Sukses'),
('BK240201096', 'P0096', 2, '2024-02-03', '13:00 - 14:00', 'Lunas', 120000, 'Sukses'),
('BK240201097', 'P0097', 2, '2024-02-03', '14:00 - 15:00', 'Lunas', 120000, 'Sukses'),
('BK240201098', 'P0098', 2, '2024-02-03', '15:00 - 16:00', 'Lunas', 120000, 'Sukses'),
('BK240201099', 'P0099', 2, '2024-02-03', '16:00 - 17:00', 'Lunas', 120000, 'Sukses'),
('BK240201100', 'P0100', 2, '2024-02-03', '17:00 - 18:00', 'Lunas', 120000, 'Sukses'),
('BK240201101', 'P0101', 1, '2024-02-04', '13:00 - 14:00', 'Lunas', 100000, 'Sukses'),
('BK240201102', 'P0102', 1, '2024-02-04', '14:00 - 15:00', 'Lunas', 100000, 'Sukses'),
('BK240201103', 'P0103', 1, '2024-02-04', '15:00 - 16:00', 'Lunas', 100000, 'Sukses'),
('BK240201104', 'P0104', 1, '2024-02-04', '16:00 - 17:00', 'Lunas', 100000, 'Sukses'),
('BK240201105', 'P0105', 1, '2024-02-04', '17:00 - 18:00', 'Lunas', 100000, 'Sukses'),
('BK240201106', 'P0106', 2, '2024-02-04', '13:00 - 14:00', 'Lunas', 120000, 'Sukses'),
('BK240201107', 'P0107', 2, '2024-02-04', '14:00 - 15:00', 'Lunas', 120000, 'Sukses'),
('BK240201108', 'P0108', 2, '2024-02-04', '15:00 - 16:00', 'Lunas', 120000, 'Sukses'),
('BK240201109', 'P0109', 2, '2024-02-04', '16:00 - 17:00', 'Lunas', 120000, 'Sukses'),
('BK240201110', 'P0110', 2, '2024-02-04', '17:00 - 18:00', 'Lunas', 120000, 'Sukses'),
('BK240201111', 'P0111', 1, '2024-02-05', '13:00 - 14:00', 'Lunas', 100000, 'Sukses'),
('BK240201112', 'P0112', 1, '2024-02-05', '14:00 - 15:00', 'Lunas', 100000, 'Sukses'),
('BK240201113', 'P0113', 1, '2024-02-05', '15:00 - 16:00', 'Lunas', 100000, 'Sukses'),
('BK240201114', 'P0114', 1, '2024-02-05', '16:00 - 17:00', 'Lunas', 100000, 'Sukses'),
('BK240201115', 'P0115', 1, '2024-02-05', '17:00 - 18:00', 'Lunas', 100000, 'Sukses'),
('BK240201116', 'P0116', 2, '2024-02-05', '13:00 - 14:00', 'Lunas', 120000, 'Sukses'),
('BK240201117', 'P0117', 2, '2024-02-05', '14:00 - 15:00', 'Lunas', 120000, 'Sukses'),
('BK240201118', 'P0118', 2, '2024-02-05', '15:00 - 16:00', 'Lunas', 120000, 'Sukses'),
('BK240201119', 'P0119', 2, '2024-02-05', '16:00 - 17:00', 'Lunas', 120000, 'Sukses'),
('BK240201120', 'P0120', 2, '2024-02-05', '17:00 - 18:00', 'Lunas', 120000, 'Sukses'),
('BK240201121', 'P0121', 1, '2024-03-01', '13:00 - 14:00', 'Lunas', 100000, 'Sukses'),
('BK240201122', 'P0122', 1, '2024-03-01', '14:00 - 15:00', 'Lunas', 100000, 'Sukses'),
('BK240201123', 'P0123', 1, '2024-03-01', '15:00 - 16:00', 'Lunas', 100000, 'Sukses'),
('BK240201124', 'P0124', 1, '2024-03-01', '16:00 - 17:00', 'Lunas', 100000, 'Sukses'),
('BK240201125', 'P0125', 1, '2024-03-01', '17:00 - 18:00', 'Lunas', 100000, 'Sukses'),
('BK240201126', 'P0126', 2, '2024-03-01', '13:00 - 14:00', 'Lunas', 120000, 'Sukses'),
('BK240201127', 'P0127', 2, '2024-03-01', '14:00 - 15:00', 'Lunas', 120000, 'Sukses'),
('BK240201128', 'P0128', 2, '2024-03-01', '15:00 - 16:00', 'Lunas', 120000, 'Sukses'),
('BK240201129', 'P0129', 2, '2024-03-01', '16:00 - 17:00', 'Lunas', 120000, 'Sukses'),
('BK240201130', 'P0130', 2, '2024-03-01', '17:00 - 18:00', 'Lunas', 120000, 'Sukses'),
('BK240201131', 'P0131', 1, '2024-03-02', '13:00 - 14:00', 'Lunas', 100000, 'Sukses'),
('BK240201132', 'P0132', 1, '2024-03-02', '14:00 - 15:00', 'Lunas', 100000, 'Sukses'),
('BK240201133', 'P0133', 1, '2024-03-02', '15:00 - 16:00', 'Lunas', 100000, 'Sukses'),
('BK240201134', 'P0134', 1, '2024-03-02', '16:00 - 17:00', 'Lunas', 100000, 'Sukses'),
('BK240201135', 'P0135', 1, '2024-03-02', '17:00 - 18:00', 'Lunas', 100000, 'Sukses'),
('BK240201136', 'P0136', 2, '2024-03-02', '13:00 - 14:00', 'Lunas', 120000, 'Sukses'),
('BK240201137', 'P0137', 2, '2024-03-02', '14:00 - 15:00', 'Lunas', 120000, 'Sukses'),
('BK240201138', 'P0138', 2, '2024-03-02', '15:00 - 16:00', 'Lunas', 120000, 'Sukses'),
('BK240201139', 'P0139', 2, '2024-03-02', '16:00 - 17:00', 'Lunas', 120000, 'Sukses'),
('BK240201140', 'P0140', 2, '2024-03-02', '17:00 - 18:00', 'Lunas', 120000, 'Sukses'),
('BK240201141', 'P0141', 1, '2024-03-03', '13:00 - 14:00', 'Lunas', 100000, 'Sukses'),
('BK240201142', 'P0142', 1, '2024-03-03', '14:00 - 15:00', 'Lunas', 100000, 'Sukses'),
('BK240201143', 'P0143', 1, '2024-03-03', '15:00 - 16:00', 'Lunas', 100000, 'Sukses'),
('BK240201144', 'P0144', 1, '2024-03-03', '16:00 - 17:00', 'Lunas', 100000, 'Sukses'),
('BK240201145', 'P0145', 1, '2024-03-03', '17:00 - 18:00', 'Lunas', 100000, 'Sukses'),
('BK240201146', 'P0146', 2, '2024-03-03', '13:00 - 14:00', 'Lunas', 120000, 'Sukses'),
('BK240201147', 'P0147', 2, '2024-03-03', '14:00 - 15:00', 'Lunas', 120000, 'Sukses'),
('BK240201148', 'P0148', 2, '2024-03-03', '15:00 - 16:00', 'Lunas', 120000, 'Sukses'),
('BK240201149', 'P0149', 2, '2024-03-03', '16:00 - 17:00', 'Lunas', 120000, 'Sukses'),
('BK240201150', 'P0150', 2, '2024-03-03', '17:00 - 18:00', 'Lunas', 120000, 'Sukses'),
('BK240201151', 'P0151', 1, '2024-03-04', '13:00 - 14:00', 'Lunas', 100000, 'Sukses'),
('BK240201152', 'P0152', 1, '2024-03-04', '14:00 - 15:00', 'Lunas', 100000, 'Sukses'),
('BK240201153', 'P0153', 1, '2024-03-04', '15:00 - 16:00', 'Lunas', 100000, 'Sukses'),
('BK240201154', 'P0154', 1, '2024-03-04', '16:00 - 17:00', 'Lunas', 100000, 'Sukses'),
('BK240201155', 'P0155', 1, '2024-03-04', '17:00 - 18:00', 'Lunas', 100000, 'Sukses'),
('BK240201156', 'P0156', 2, '2024-03-04', '13:00 - 14:00', 'Lunas', 120000, 'Sukses'),
('BK240201157', 'P0157', 2, '2024-03-04', '14:00 - 15:00', 'Lunas', 120000, 'Sukses'),
('BK240201158', 'P0158', 2, '2024-03-04', '15:00 - 16:00', 'Lunas', 120000, 'Sukses'),
('BK240201159', 'P0159', 2, '2024-03-04', '16:00 - 17:00', 'Lunas', 120000, 'Sukses'),
('BK240201160', 'P0160', 2, '2024-03-04', '17:00 - 18:00', 'Lunas', 120000, 'Sukses'),
('BK240201161', 'P0161', 1, '2024-03-05', '13:00 - 14:00', 'Lunas', 100000, 'Sukses'),
('BK240201162', 'P0162', 1, '2024-03-05', '14:00 - 15:00', 'Lunas', 100000, 'Sukses'),
('BK240201163', 'P0163', 1, '2024-03-05', '15:00 - 16:00', 'Lunas', 100000, 'Sukses'),
('BK240201164', 'P0164', 1, '2024-03-05', '16:00 - 17:00', 'Lunas', 100000, 'Sukses'),
('BK240201165', 'P0165', 1, '2024-03-05', '17:00 - 18:00', 'Lunas', 100000, 'Sukses'),
('BK240201166', 'P0166', 2, '2024-03-05', '13:00 - 14:00', 'Lunas', 120000, 'Sukses'),
('BK240201167', 'P0167', 2, '2024-03-05', '14:00 - 15:00', 'Lunas', 120000, 'Sukses'),
('BK240201168', 'P0168', 2, '2024-03-05', '15:00 - 16:00', 'Lunas', 120000, 'Sukses'),
('BK240201169', 'P0169', 2, '2024-03-05', '16:00 - 17:00', 'Lunas', 120000, 'Sukses'),
('BK240201170', 'P0170', 2, '2024-03-05', '17:00 - 18:00', 'Lunas', 120000, 'Sukses'),
('BK240201171', 'P0171', 1, '2024-04-01', '13:00 - 14:00', 'Lunas', 100000, 'Sukses'),
('BK240201172', 'P0172', 1, '2024-04-01', '14:00 - 15:00', 'Lunas', 100000, 'Sukses'),
('BK240201173', 'P0173', 1, '2024-04-01', '15:00 - 16:00', 'Lunas', 100000, 'Sukses'),
('BK240201174', 'P0174', 1, '2024-04-01', '16:00 - 17:00', 'Lunas', 100000, 'Sukses'),
('BK240201175', 'P0175', 1, '2024-04-01', '17:00 - 18:00', 'Lunas', 100000, 'Sukses'),
('BK240201176', 'P0176', 2, '2024-04-01', '13:00 - 14:00', 'Lunas', 120000, 'Sukses'),
('BK240201177', 'P0177', 2, '2024-04-01', '14:00 - 15:00', 'Lunas', 120000, 'Sukses'),
('BK240201178', 'P0178', 2, '2024-04-01', '15:00 - 16:00', 'Lunas', 120000, 'Sukses'),
('BK240201179', 'P0179', 2, '2024-04-01', '16:00 - 17:00', 'Lunas', 120000, 'Sukses'),
('BK240201180', 'P0180', 2, '2024-04-01', '17:00 - 18:00', 'Lunas', 120000, 'Sukses'),
('BK240201181', 'P0181', 1, '2024-04-02', '13:00 - 14:00', 'Lunas', 100000, 'Sukses'),
('BK240201182', 'P0182', 1, '2024-04-02', '14:00 - 15:00', 'Lunas', 100000, 'Sukses'),
('BK240201183', 'P0183', 1, '2024-04-02', '15:00 - 16:00', 'Lunas', 100000, 'Sukses'),
('BK240201184', 'P0184', 1, '2024-04-02', '16:00 - 17:00', 'Lunas', 100000, 'Sukses'),
('BK240201185', 'P0185', 1, '2024-04-02', '17:00 - 18:00', 'Lunas', 100000, 'Sukses'),
('BK240201186', 'P0186', 2, '2024-04-02', '13:00 - 14:00', 'Lunas', 120000, 'Sukses'),
('BK240201187', 'P0187', 2, '2024-04-02', '14:00 - 15:00', 'Lunas', 120000, 'Sukses'),
('BK240201188', 'P0188', 2, '2024-04-02', '15:00 - 16:00', 'Lunas', 120000, 'Sukses'),
('BK240201189', 'P0189', 2, '2024-04-02', '16:00 - 17:00', 'Lunas', 120000, 'Sukses'),
('BK240201190', 'P0190', 2, '2024-04-02', '17:00 - 18:00', 'Lunas', 120000, 'Sukses'),
('BK240201191', 'P0191', 1, '2024-04-03', '13:00 - 14:00', 'Lunas', 100000, 'Sukses'),
('BK240201192', 'P0192', 1, '2024-04-03', '14:00 - 15:00', 'Lunas', 100000, 'Sukses'),
('BK240201193', 'P0193', 1, '2024-04-03', '15:00 - 16:00', 'Lunas', 100000, 'Sukses'),
('BK240201194', 'P0194', 1, '2024-04-03', '16:00 - 17:00', 'Lunas', 100000, 'Sukses'),
('BK240201195', 'P0195', 1, '2024-04-03', '17:00 - 18:00', 'Lunas', 100000, 'Sukses'),
('BK240201196', 'P0196', 2, '2024-04-03', '13:00 - 14:00', 'Lunas', 120000, 'Sukses'),
('BK240201197', 'P0197', 2, '2024-04-03', '14:00 - 15:00', 'Lunas', 120000, 'Sukses'),
('BK240201198', 'P0198', 2, '2024-04-03', '15:00 - 16:00', 'Lunas', 120000, 'Sukses'),
('BK240201199', 'P0199', 2, '2024-04-03', '16:00 - 17:00', 'Lunas', 120000, 'Sukses'),
('BK240201200', 'P0200', 2, '2024-04-03', '17:00 - 18:00', 'Lunas', 120000, 'Sukses'),
('BK240201201', 'P0201', 1, '2024-05-01', '13:00 - 14:00', 'Lunas', 100000, 'Sukses'),
('BK240201202', 'P0202', 1, '2024-05-01', '14:00 - 15:00', 'Lunas', 100000, 'Sukses'),
('BK240201203', 'P0203', 1, '2024-05-01', '15:00 - 16:00', 'Lunas', 100000, 'Sukses'),
('BK240201204', 'P0204', 1, '2024-05-01', '16:00 - 17:00', 'Lunas', 100000, 'Sukses'),
('BK240201205', 'P0205', 1, '2024-05-01', '17:00 - 18:00', 'Lunas', 100000, 'Sukses'),
('BK240201206', 'P0206', 2, '2024-05-01', '13:00 - 14:00', 'Lunas', 120000, 'Sukses'),
('BK240201207', 'P0207', 2, '2024-05-01', '14:00 - 15:00', 'Lunas', 120000, 'Sukses'),
('BK240201208', 'P0208', 2, '2024-05-01', '15:00 - 16:00', 'Lunas', 120000, 'Sukses'),
('BK240201209', 'P0209', 2, '2024-05-01', '16:00 - 17:00', 'Lunas', 120000, 'Sukses'),
('BK240201210', 'P0210', 1, '2024-05-02', '13:00 - 14:00', 'Lunas', 100000, 'Sukses'),
('BK240201211', 'P0211', 1, '2024-05-02', '14:00 - 15:00', 'Lunas', 100000, 'Sukses'),
('BK240201212', 'P0212', 1, '2024-05-02', '15:00 - 16:00', 'Lunas', 100000, 'Sukses'),
('BK240201213', 'P0213', 1, '2024-05-02', '16:00 - 17:00', 'Lunas', 100000, 'Sukses'),
('BK240201214', 'P0214', 1, '2024-05-02', '17:00 - 18:00', 'Lunas', 100000, 'Sukses'),
('BK240201215', 'P0215', 1, '2024-05-02', '18:00 - 19:00', 'Lunas', 100000, 'Sukses'),
('BK240201216', 'P0216', 2, '2024-05-02', '13:00 - 14:00', 'Lunas', 120000, 'Sukses'),
('BK240201217', 'P0217', 2, '2024-05-02', '14:00 - 15:00', 'Lunas', 120000, 'Sukses'),
('BK240201218', 'P0218', 2, '2024-05-02', '15:00 - 16:00', 'Lunas', 120000, 'Sukses'),
('BK240201219', 'P0219', 2, '2024-05-02', '16:00 - 17:00', 'Lunas', 120000, 'Sukses'),
('BK240201220', 'P0220', 2, '2024-05-02', '17:00 - 18:00', 'Lunas', 120000, 'Sukses'),
('BK240201221', 'P0221', 1, '2024-05-03', '13:00 - 14:00', 'Lunas', 100000, 'Sukses'),
('BK240201222', 'P0222', 1, '2024-05-03', '14:00 - 15:00', 'Lunas', 100000, 'Sukses'),
('BK240201223', 'P0223', 1, '2024-05-03', '15:00 - 16:00', 'Lunas', 100000, 'Sukses'),
('BK240201224', 'P0224', 1, '2024-05-03', '16:00 - 17:00', 'Lunas', 100000, 'Sukses'),
('BK240201225', 'P0225', 1, '2024-05-03', '17:00 - 18:00', 'Lunas', 100000, 'Sukses'),
('BK240201226', 'P0226', 2, '2024-05-03', '13:00 - 14:00', 'Lunas', 120000, 'Sukses'),
('BK240201227', 'P0227', 2, '2024-05-03', '14:00 - 15:00', 'Lunas', 120000, 'Sukses'),
('BK240201228', 'P0228', 2, '2024-05-03', '15:00 - 16:00', 'Lunas', 120000, 'Sukses'),
('BK240201229', 'P0229', 2, '2024-05-03', '16:00 - 17:00', 'Lunas', 120000, 'Sukses'),
('BK240201230', 'P0230', 2, '2024-05-03', '17:00 - 18:00', 'Lunas', 120000, 'Sukses'),
('BK240201231', 'P0231', 1, '2024-05-04', '13:00 - 14:00', 'Lunas', 100000, 'Sukses'),
('BK240201232', 'P0232', 1, '2024-05-04', '14:00 - 15:00', 'Lunas', 100000, 'Sukses'),
('BK240201233', 'P0233', 1, '2024-05-04', '15:00 - 16:00', 'Lunas', 100000, 'Sukses'),
('BK240201234', 'P0234', 1, '2024-05-04', '16:00 - 17:00', 'Lunas', 100000, 'Sukses'),
('BK240201235', 'P0235', 1, '2024-05-04', '17:00 - 18:00', 'Lunas', 100000, 'Sukses'),
('BK240201236', 'P0236', 2, '2024-05-04', '13:00 - 14:00', 'Lunas', 120000, 'Sukses'),
('BK240201237', 'P0237', 2, '2024-05-04', '14:00 - 15:00', 'Lunas', 120000, 'Sukses'),
('BK240201238', 'P0238', 2, '2024-05-04', '15:00 - 16:00', 'Lunas', 120000, 'Sukses'),
('BK240201239', 'P0239', 2, '2024-05-04', '16:00 - 17:00', 'Lunas', 120000, 'Sukses'),
('BK240201240', 'P0240', 2, '2024-05-04', '17:00 - 18:00', 'Lunas', 120000, 'Sukses'),
('BK240201241', 'P0241', 1, '2024-05-05', '13:00 - 14:00', 'Lunas', 100000, 'Sukses'),
('BK240201242', 'P0242', 1, '2024-05-05', '14:00 - 15:00', 'Lunas', 100000, 'Sukses'),
('BK240201243', 'P0243', 1, '2024-05-05', '15:00 - 16:00', 'Lunas', 100000, 'Sukses'),
('BK240201244', 'P0244', 1, '2024-05-05', '16:00 - 17:00', 'Lunas', 100000, 'Sukses'),
('BK240201245', 'P0245', 1, '2024-05-05', '17:00 - 18:00', 'Lunas', 100000, 'Sukses'),
('BK240201246', 'P0246', 2, '2024-05-05', '13:00 - 14:00', 'Lunas', 120000, 'Sukses'),
('BK240201247', 'P0247', 2, '2024-05-05', '14:00 - 15:00', 'Lunas', 120000, 'Sukses'),
('BK240201248', 'P0248', 2, '2024-05-05', '15:00 - 16:00', 'Lunas', 120000, 'Sukses'),
('BK240201249', 'P0249', 2, '2024-05-05', '16:00 - 17:00', 'Lunas', 120000, 'Sukses'),
('BK240201250', 'P0250', 2, '2024-05-05', '17:00 - 18:00', 'Lunas', 120000, 'Sukses'),
('BK240201251', 'P0251', 1, '2024-06-01', '13:00 - 14:00', 'Lunas', 100000, 'Sukses'),
('BK240201252', 'P0252', 1, '2024-06-01', '14:00 - 15:00', 'Lunas', 100000, 'Sukses'),
('BK240201253', 'P0253', 1, '2024-06-01', '15:00 - 16:00', 'Lunas', 100000, 'Sukses'),
('BK240201254', 'P0254', 1, '2024-06-01', '16:00 - 17:00', 'Lunas', 100000, 'Sukses'),
('BK240201255', 'P0255', 1, '2024-06-01', '17:00 - 18:00', 'Lunas', 100000, 'Sukses'),
('BK240201256', 'P0256', 2, '2024-06-01', '13:00 - 14:00', 'Lunas', 120000, 'Sukses'),
('BK240201257', 'P0257', 2, '2024-06-01', '14:00 - 15:00', 'Lunas', 120000, 'Sukses'),
('BK240201258', 'P0258', 2, '2024-06-01', '15:00 - 16:00', 'Lunas', 120000, 'Sukses'),
('BK240201259', 'P0259', 2, '2024-06-01', '16:00 - 17:00', 'Lunas', 120000, 'Sukses'),
('BK240201260', 'P0260', 2, '2024-06-01', '17:00 - 18:00', 'Lunas', 120000, 'Sukses'),
('BK240201261', 'P0261', 1, '2024-06-02', '13:00 - 14:00', 'Lunas', 100000, 'Sukses'),
('BK240201262', 'P0262', 1, '2024-06-02', '14:00 - 15:00', 'Lunas', 100000, 'Sukses'),
('BK240201263', 'P0263', 1, '2024-06-02', '15:00 - 16:00', 'Lunas', 100000, 'Sukses'),
('BK240201264', 'P0264', 1, '2024-06-02', '16:00 - 17:00', 'Lunas', 100000, 'Sukses'),
('BK240201265', 'P0265', 1, '2024-06-02', '17:00 - 18:00', 'Lunas', 100000, 'Sukses'),
('BK240201266', 'P0266', 2, '2024-06-02', '13:00 - 14:00', 'Lunas', 120000, 'Sukses'),
('BK240201267', 'P0267', 2, '2024-06-02', '14:00 - 15:00', 'Lunas', 120000, 'Sukses'),
('BK240201268', 'P0268', 2, '2024-06-02', '15:00 - 16:00', 'Lunas', 120000, 'Sukses'),
('BK240201269', 'P0269', 2, '2024-06-02', '16:00 - 17:00', 'Lunas', 120000, 'Sukses'),
('BK240201270', 'P0270', 2, '2024-06-02', '17:00 - 18:00', 'Lunas', 120000, 'Sukses'),
('BK240201271', 'P0271', 1, '2024-06-03', '13:00 - 14:00', 'Lunas', 100000, 'Sukses'),
('BK240201272', 'P0272', 1, '2024-06-03', '14:00 - 15:00', 'Lunas', 100000, 'Sukses'),
('BK240201273', 'P0273', 1, '2024-06-03', '15:00 - 16:00', 'Lunas', 100000, 'Sukses'),
('BK240201274', 'P0274', 1, '2024-06-03', '16:00 - 17:00', 'Lunas', 100000, 'Sukses'),
('BK240201275', 'P0275', 1, '2024-06-03', '17:00 - 18:00', 'Lunas', 100000, 'Sukses'),
('BK240201276', 'P0276', 2, '2024-06-03', '13:00 - 14:00', 'Lunas', 120000, 'Sukses'),
('BK240201277', 'P0277', 2, '2024-06-03', '14:00 - 15:00', 'Lunas', 120000, 'Sukses'),
('BK240201278', 'P0278', 2, '2024-06-03', '15:00 - 16:00', 'Lunas', 120000, 'Sukses'),
('BK240201279', 'P0279', 2, '2024-06-03', '16:00 - 17:00', 'Lunas', 120000, 'Sukses'),
('BK240201280', 'P0280', 2, '2024-06-03', '17:00 - 18:00', 'Lunas', 120000, 'Sukses'),
('BK240201281', 'P0281', 1, '2024-06-04', '13:00 - 14:00', 'Lunas', 100000, 'Sukses'),
('BK240201282', 'P0282', 1, '2024-06-04', '14:00 - 15:00', 'Lunas', 100000, 'Sukses'),
('BK240201283', 'P0283', 1, '2024-06-04', '15:00 - 16:00', 'Lunas', 100000, 'Sukses'),
('BK240201284', 'P0284', 1, '2024-06-04', '16:00 - 17:00', 'Lunas', 100000, 'Sukses'),
('BK240201285', 'P0285', 1, '2024-06-04', '17:00 - 18:00', 'Lunas', 100000, 'Sukses'),
('BK240201286', 'P0286', 2, '2024-06-04', '13:00 - 14:00', 'Lunas', 120000, 'Sukses'),
('BK240201287', 'P0287', 2, '2024-06-04', '14:00 - 15:00', 'Lunas', 120000, 'Sukses'),
('BK240201288', 'P0288', 2, '2024-06-04', '15:00 - 16:00', 'Lunas', 120000, 'Sukses'),
('BK240201289', 'P0289', 2, '2024-06-04', '16:00 - 17:00', 'Lunas', 120000, 'Sukses'),
('BK240201290', 'P0290', 2, '2024-06-04', '17:00 - 18:00', 'Lunas', 120000, 'Sukses'),
('BK240201291', 'P0291', 1, '2024-06-05', '13:00 - 14:00', 'Lunas', 100000, 'Sukses'),
('BK240201292', 'P0292', 1, '2024-06-05', '14:00 - 15:00', 'Lunas', 100000, 'Sukses'),
('BK240201293', 'P0293', 1, '2024-06-05', '15:00 - 16:00', 'Lunas', 100000, 'Sukses'),
('BK240201294', 'P0294', 1, '2024-06-05', '16:00 - 17:00', 'Lunas', 100000, 'Sukses'),
('BK240201295', 'P0295', 1, '2024-06-05', '17:00 - 18:00', 'Lunas', 100000, 'Sukses'),
('BK240201296', 'P0296', 2, '2024-06-05', '13:00 - 14:00', 'Lunas', 120000, 'Sukses'),
('BK240201297', 'P0297', 2, '2024-06-05', '14:00 - 15:00', 'Lunas', 120000, 'Sukses'),
('BK240201298', 'P0298', 2, '2024-06-05', '15:00 - 16:00', 'Lunas', 120000, 'Sukses'),
('BK240201299', 'P0299', 2, '2024-06-05', '16:00 - 17:00', 'Lunas', 120000, 'Sukses'),
('BK240201300', 'P0300', 2, '2024-06-05', '17:00 - 18:00', 'Lunas', 120000, 'Sukses'),
('BK240201301', 'P0301', 1, '2024-06-06', '13:00 - 14:00', 'Lunas', 100000, 'Sukses'),
('BK240201302', 'P0302', 1, '2024-06-06', '14:00 - 15:00', 'Lunas', 100000, 'Sukses'),
('BK240201303', 'P0303', 1, '2024-06-06', '15:00 - 16:00', 'Lunas', 100000, 'Sukses'),
('BK240201304', 'P0304', 1, '2024-06-06', '16:00 - 17:00', 'Lunas', 100000, 'Sukses'),
('BK240201305', 'P0305', 1, '2024-06-06', '17:00 - 18:00', 'Lunas', 100000, 'Sukses'),
('BK240201306', 'P0306', 2, '2024-06-06', '13:00 - 14:00', 'Lunas', 120000, 'Sukses'),
('BK240201307', 'P0307', 2, '2024-06-06', '14:00 - 15:00', 'Lunas', 120000, 'Sukses'),
('BK240201308', 'P0308', 2, '2024-06-06', '15:00 - 16:00', 'Lunas', 120000, 'Sukses'),
('BK240201309', 'P0309', 2, '2024-06-06', '16:00 - 17:00', 'Lunas', 120000, 'Sukses'),
('BK240201310', 'P0310', 2, '2024-06-06', '17:00 - 18:00', 'Lunas', 120000, 'Sukses'),
('BK240201311', 'P0311', 1, '2024-06-07', '13:00 - 14:00', 'Lunas', 100000, 'Sukses'),
('BK240201312', 'P0312', 1, '2024-06-07', '14:00 - 15:00', 'Lunas', 100000, 'Sukses'),
('BK240201313', 'P0313', 1, '2024-06-07', '15:00 - 16:00', 'Lunas', 100000, 'Sukses'),
('BK240201314', 'P0314', 1, '2024-06-07', '16:00 - 17:00', 'Lunas', 100000, 'Sukses'),
('BK240201315', 'P0315', 1, '2024-06-07', '17:00 - 18:00', 'Lunas', 100000, 'Sukses'),
('BK240201316', 'P0316', 2, '2024-06-07', '13:00 - 14:00', 'Lunas', 120000, 'Sukses'),
('BK240201317', 'P0317', 2, '2024-06-07', '14:00 - 15:00', 'Lunas', 120000, 'Sukses'),
('BK240201318', 'P0318', 2, '2024-06-07', '15:00 - 16:00', 'Lunas', 120000, 'Sukses'),
('BK240201319', 'P0319', 2, '2024-06-07', '16:00 - 17:00', 'Lunas', 120000, 'Sukses'),
('BK240201320', 'P0320', 2, '2024-06-07', '17:00 - 18:00', 'Lunas', 120000, 'Sukses'),
('BK240201321', 'P0321', 1, '2024-06-08', '13:00 - 14:00', 'Lunas', 100000, 'Sukses'),
('BK240201322', 'P0322', 1, '2024-06-08', '14:00 - 15:00', 'Lunas', 100000, 'Sukses'),
('BK240201323', 'P0323', 1, '2024-06-08', '15:00 - 16:00', 'Lunas', 100000, 'Sukses'),
('BK240201324', 'P0324', 1, '2024-06-08', '16:00 - 17:00', 'Lunas', 100000, 'Sukses'),
('BK240201325', 'P0325', 1, '2024-06-08', '17:00 - 18:00', 'Lunas', 100000, 'Sukses'),
('BK240201326', 'P0326', 2, '2024-06-08', '13:00 - 14:00', 'Lunas', 120000, 'Sukses'),
('BK240201327', 'P0327', 2, '2024-06-08', '14:00 - 15:00', 'Lunas', 120000, 'Sukses'),
('BK240201328', 'P0328', 2, '2024-06-08', '15:00 - 16:00', 'Lunas', 120000, 'Sukses'),
('BK240201329', 'P0329', 2, '2024-06-08', '16:00 - 17:00', 'Lunas', 120000, 'Sukses'),
('BK240201330', 'P0330', 2, '2024-06-08', '17:00 - 18:00', 'Lunas', 120000, 'Sukses'),
('BK240201331', 'P0331', 1, '2024-06-09', '13:00 - 14:00', 'Lunas', 100000, 'Sukses'),
('BK240201332', 'P0332', 1, '2024-06-09', '14:00 - 15:00', 'Lunas', 100000, 'Sukses'),
('BK240201333', 'P0333', 1, '2024-06-09', '15:00 - 16:00', 'Lunas', 100000, 'Sukses'),
('BK240201334', 'P0334', 1, '2024-06-09', '16:00 - 17:00', 'Lunas', 100000, 'Sukses'),
('BK240201335', 'P0335', 1, '2024-06-09', '17:00 - 18:00', 'Lunas', 100000, 'Sukses'),
('BK240201336', 'P0336', 2, '2024-06-09', '13:00 - 14:00', 'Lunas', 120000, 'Sukses'),
('BK240201337', 'P0337', 2, '2024-06-09', '14:00 - 15:00', 'Lunas', 120000, 'Sukses'),
('BK240201338', 'P0338', 2, '2024-06-09', '15:00 - 16:00', 'Lunas', 120000, 'Sukses'),
('BK240201339', 'P0339', 2, '2024-06-09', '16:00 - 17:00', 'Lunas', 120000, 'Sukses'),
('BK240201340', 'P0340', 2, '2024-06-09', '17:00 - 18:00', 'Lunas', 120000, 'Sukses'),
('BK240201341', 'P0341', 1, '2024-06-10', '13:00 - 14:00', 'Lunas', 100000, 'Sukses'),
('BK240201342', 'P0342', 1, '2024-06-10', '14:00 - 15:00', 'Lunas', 100000, 'Sukses'),
('BK240201343', 'P0343', 1, '2024-06-10', '15:00 - 16:00', 'Lunas', 100000, 'Sukses'),
('BK240201344', 'P0344', 1, '2024-06-10', '16:00 - 17:00', 'Lunas', 100000, 'Sukses'),
('BK240201345', 'P0345', 1, '2024-06-10', '17:00 - 18:00', 'Lunas', 100000, 'Sukses'),
('BK240201346', 'P0346', 2, '2024-06-10', '13:00 - 14:00', 'Lunas', 120000, 'Sukses'),
('BK240201347', 'P0347', 2, '2024-06-10', '14:00 - 15:00', 'Lunas', 120000, 'Sukses'),
('BK240201348', 'P0348', 2, '2024-06-10', '15:00 - 16:00', 'Lunas', 120000, 'Sukses'),
('BK240201349', 'P0349', 2, '2024-06-10', '16:00 - 17:00', 'Lunas', 120000, 'Sukses'),
('BK240201350', 'P0350', 2, '2024-06-10', '17:00 - 18:00', 'Lunas', 120000, 'Sukses'),
('BK240201351', 'P0351', 1, '2024-06-11', '13:00 - 14:00', 'Lunas', 100000, 'Sukses'),
('BK240201352', 'P0352', 1, '2024-06-11', '14:00 - 15:00', 'Lunas', 100000, 'Sukses'),
('BK240201353', 'P0353', 1, '2024-06-11', '15:00 - 16:00', 'Lunas', 100000, 'Sukses'),
('BK240201354', 'P0354', 1, '2024-06-11', '16:00 - 17:00', 'Lunas', 100000, 'Sukses'),
('BK240201355', 'P0355', 1, '2024-06-11', '17:00 - 18:00', 'Lunas', 100000, 'Sukses'),
('BK240201356', 'P0356', 2, '2024-06-11', '13:00 - 14:00', 'Lunas', 120000, 'Sukses'),
('BK240201357', 'P0357', 2, '2024-06-11', '14:00 - 15:00', 'Lunas', 120000, 'Sukses'),
('BK240201358', 'P0358', 2, '2024-06-11', '15:00 - 16:00', 'Lunas', 120000, 'Sukses'),
('BK240201359', 'P0359', 2, '2024-06-11', '16:00 - 17:00', 'Lunas', 120000, 'Sukses'),
('BK240201360', 'P0360', 2, '2024-06-11', '17:00 - 18:00', 'Lunas', 120000, 'Sukses'),
('BK240201361', 'P0361', 1, '2024-06-12', '13:00 - 14:00', 'Lunas', 100000, 'Sukses'),
('BK240201362', 'P0362', 1, '2024-06-12', '14:00 - 15:00', 'Lunas', 100000, 'Sukses'),
('BK240201363', 'P0363', 1, '2024-06-12', '15:00 - 16:00', 'Lunas', 100000, 'Sukses'),
('BK240201364', 'P0364', 1, '2024-06-12', '16:00 - 17:00', 'Lunas', 100000, 'Sukses'),
('BK240201365', 'P0365', 1, '2024-06-12', '17:00 - 18:00', 'Lunas', 100000, 'Sukses'),
('BK240201366', 'P0366', 2, '2024-06-12', '13:00 - 14:00', 'Lunas', 120000, 'Sukses'),
('BK240201367', 'P0367', 2, '2024-06-12', '14:00 - 15:00', 'Lunas', 120000, 'Sukses'),
('BK240201368', 'P0368', 2, '2024-06-12', '15:00 - 16:00', 'Lunas', 120000, 'Sukses'),
('BK240201369', 'P0369', 2, '2024-06-12', '16:00 - 17:00', 'Lunas', 120000, 'Sukses'),
('BK240201370', 'P0370', 2, '2024-06-12', '17:00 - 18:00', 'Lunas', 120000, 'Sukses'),
('BK240201371', 'P0371', 1, '2024-06-13', '13:00 - 14:00', 'Lunas', 100000, 'Sukses'),
('BK240201372', 'P0372', 1, '2024-06-13', '14:00 - 15:00', 'Lunas', 100000, 'Sukses'),
('BK240201373', 'P0373', 1, '2024-06-13', '15:00 - 16:00', 'Lunas', 100000, 'Sukses'),
('BK240201374', 'P0374', 1, '2024-06-13', '16:00 - 17:00', 'Lunas', 100000, 'Sukses'),
('BK240201375', 'P0375', 1, '2024-06-13', '17:00 - 18:00', 'Lunas', 100000, 'Sukses'),
('BK240201376', 'P0376', 2, '2024-06-13', '13:00 - 14:00', 'Lunas', 120000, 'Sukses'),
('BK240201377', 'P0377', 2, '2024-06-13', '14:00 - 15:00', 'Lunas', 120000, 'Sukses'),
('BK240201378', 'P0378', 2, '2024-06-13', '15:00 - 16:00', 'Lunas', 120000, 'Sukses'),
('BK240201379', 'P0379', 2, '2024-06-13', '16:00 - 17:00', 'Lunas', 120000, 'Sukses'),
('BK240201380', 'P0380', 2, '2024-06-13', '17:00 - 18:00', 'Lunas', 120000, 'Sukses'),
('BK240201381', 'P0381', 1, '2024-06-14', '13:00 - 14:00', 'Lunas', 100000, 'Sukses'),
('BK240201382', 'P0382', 1, '2024-06-14', '14:00 - 15:00', 'Lunas', 100000, 'Sukses'),
('BK240201383', 'P0383', 1, '2024-06-14', '15:00 - 16:00', 'Lunas', 100000, 'Sukses'),
('BK240201384', 'P0384', 1, '2024-06-14', '16:00 - 17:00', 'Lunas', 100000, 'Sukses'),
('BK240201385', 'P0385', 1, '2024-06-14', '17:00 - 18:00', 'Lunas', 100000, 'Sukses'),
('BK240201386', 'P0386', 2, '2024-06-14', '13:00 - 14:00', 'Lunas', 120000, 'Sukses'),
('BK240201387', 'P0387', 2, '2024-06-14', '14:00 - 15:00', 'Lunas', 120000, 'Sukses'),
('BK240201388', 'P0388', 2, '2024-06-14', '15:00 - 16:00', 'Lunas', 120000, 'Sukses'),
('BK240201389', 'P0389', 2, '2024-06-14', '16:00 - 17:00', 'Lunas', 120000, 'Sukses'),
('BK240201390', 'P0390', 2, '2024-06-14', '17:00 - 18:00', 'Lunas', 120000, 'Sukses'),
('BK240201391', 'P0391', 1, '2024-06-15', '13:00 - 14:00', 'Lunas', 100000, 'Sukses'),
('BK240201392', 'P0392', 1, '2024-06-15', '14:00 - 15:00', 'Lunas', 100000, 'Sukses'),
('BK240201393', 'P0393', 1, '2024-06-15', '15:00 - 16:00', 'Lunas', 100000, 'Sukses'),
('BK240201394', 'P0394', 1, '2024-06-15', '16:00 - 17:00', 'Lunas', 100000, 'Sukses'),
('BK240201395', 'P0395', 1, '2024-06-15', '17:00 - 18:00', 'Lunas', 100000, 'Sukses'),
('BK240201396', 'P0396', 2, '2024-06-15', '13:00 - 14:00', 'Lunas', 120000, 'Sukses'),
('BK240201397', 'P0397', 2, '2024-06-15', '14:00 - 15:00', 'Lunas', 120000, 'Sukses'),
('BK240201398', 'P0398', 2, '2024-06-15', '15:00 - 16:00', 'Lunas', 120000, 'Sukses'),
('BK240201399', 'P0399', 2, '2024-06-15', '16:00 - 17:00', 'Lunas', 120000, 'Sukses'),
('BK240201400', 'P0400', 2, '2024-06-15', '17:00 - 18:00', 'Lunas', 120000, 'Sukses'),
('BK240201401', 'P0401', 1, '2024-06-16', '13:00 - 14:00', 'Lunas', 100000, 'Sukses'),
('BK240201402', 'P0402', 1, '2024-06-16', '14:00 - 15:00', 'Lunas', 100000, 'Sukses'),
('BK240201403', 'P0403', 1, '2024-06-16', '15:00 - 16:00', 'Lunas', 100000, 'Sukses'),
('BK240201404', 'P0404', 1, '2024-06-16', '16:00 - 17:00', 'Lunas', 100000, 'Sukses'),
('BK240201405', 'P0405', 1, '2024-06-16', '17:00 - 18:00', 'Lunas', 100000, 'Sukses'),
('BK240201406', 'P0406', 2, '2024-06-16', '13:00 - 14:00', 'Lunas', 120000, 'Sukses'),
('BK240201407', 'P0407', 2, '2024-06-16', '14:00 - 15:00', 'Lunas', 120000, 'Sukses'),
('BK240201408', 'P0408', 2, '2024-06-16', '15:00 - 16:00', 'Lunas', 120000, 'Sukses'),
('BK240201409', 'P0409', 2, '2024-06-16', '16:00 - 17:00', 'Lunas', 120000, 'Sukses'),
('BK240201410', 'P0410', 2, '2024-06-16', '17:00 - 18:00', 'Lunas', 120000, 'Sukses'),
('BK240617411', 'P0411', 1, '2024-06-17', '19:00 - 20:00', 'Booking', 100000, 'Update'),
('BK240617412', 'P0412', 1, '2024-06-29', '08:00 - 09:00', 'Booking', 100000, 'Update');

-- --------------------------------------------------------

--
-- Table structure for table `comment`
--

CREATE TABLE `comment` (
  `id` int(11) NOT NULL,
  `id_user` varchar(11) NOT NULL,
  `comment` text NOT NULL,
  `tanggal` varchar(40) NOT NULL,
  `id_lapangan` int(11) NOT NULL
) ENGINE=InnoDB DEFAULT CHARSET=utf8mb4 COLLATE=utf8mb4_general_ci;

-- --------------------------------------------------------

--
-- Table structure for table `fasilitas`
--

CREATE TABLE `fasilitas` (
  `id` int(11) NOT NULL,
  `name` varchar(100) NOT NULL,
  `file` varchar(100) NOT NULL
) ENGINE=InnoDB DEFAULT CHARSET=utf8mb4 COLLATE=utf8mb4_general_ci;

--
-- Dumping data for table `fasilitas`
--

INSERT INTO `fasilitas` (`id`, `name`, `file`) VALUES
(1, 'Lapangan Standart', 's3.png'),
(2, 'Lapangan Sintetis', 's2.png'),
(3, 'Locker Room', '1.jpg'),
(4, 'Wastafel', '2.jpg'),
(5, 'Kamar Mandi', '3.jpg'),
(6, 'Musholla', '5.jpg'),
(7, 'Kantin', '4.jpg'),
(8, 'Bola', '6.jpg');

-- --------------------------------------------------------

--
-- Table structure for table `icon`
--

CREATE TABLE `icon` (
  `id` int(11) NOT NULL,
  `icon` varchar(50) NOT NULL,
  `name` varchar(200) NOT NULL
) ENGINE=InnoDB DEFAULT CHARSET=utf8mb4 COLLATE=utf8mb4_general_ci;

--
-- Dumping data for table `icon`
--

INSERT INTO `icon` (`id`, `icon`, `name`) VALUES
(1, 'field.png', 'Standart'),
(2, 'field.png', 'Sintetis'),
(3, 'mosque.png', 'Musholla'),
(4, 'dressing-room.png', 'Locker'),
(5, 'canteen.png', 'Kantin'),
(6, 'football.png', 'Bola'),
(7, 'toilet-.png', 'Toilet'),
(8, 'wifi.png', 'WiFi');

-- --------------------------------------------------------

--
-- Table structure for table `jam`
--

CREATE TABLE `jam` (
  `id_jam` int(11) NOT NULL,
  `jam` varchar(100) NOT NULL,
  `is_active` int(1) NOT NULL
) ENGINE=InnoDB DEFAULT CHARSET=utf8mb4 COLLATE=utf8mb4_general_ci;

--
-- Dumping data for table `jam`
--

INSERT INTO `jam` (`id_jam`, `jam`, `is_active`) VALUES
(1, '08:00 - 09:00', 0),
(2, '09:00 - 10:00', 0),
(3, '10:00 - 11:00', 0),
(4, '11:00 - 12:00', 0),
(5, '12:00 - 13:00', 0),
(6, '13:00 - 14:00', 0),
(7, '14:00 - 15:00', 0),
(8, '15:00 - 16:00', 0),
(9, '16:00 - 17:00', 0),
(10, '17:00 - 18:00', 0),
(11, '18:00 - 19:00', 0),
(12, '19:00 - 20:00', 0),
(13, '20:00 - 21:00', 0),
(14, '21:00 - 22:00', 0);

-- --------------------------------------------------------

--
-- Table structure for table `jns_payment`
--

CREATE TABLE `jns_payment` (
  `id` int(11) NOT NULL,
  `name` varchar(100) NOT NULL,
  `img` varchar(50) NOT NULL,
  `jenis` enum('B','D') NOT NULL
) ENGINE=InnoDB DEFAULT CHARSET=utf8mb4 COLLATE=utf8mb4_general_ci;

--
-- Dumping data for table `jns_payment`
--

INSERT INTO `jns_payment` (`id`, `name`, `img`, `jenis`) VALUES
(1, 'BNI', 'BNI.png', 'B'),
(2, 'Mandiri', 'Mandiri.png', 'B'),
(3, 'BCA', 'BCA.png', 'B'),
(4, 'BRI', 'BRI.png', 'B'),
(5, 'Gopay', 'Gopay.png', 'D'),
(6, 'ShopeePay', 'ShopeePay.png', 'D'),
(7, 'Dana', 'Dana.png', 'D'),
(8, 'OVO', 'OVO.png', 'D'),
(9, 'Qris', 'Qris.png', 'D');

-- --------------------------------------------------------

--
-- Table structure for table `lapangan`
--

CREATE TABLE `lapangan` (
  `id` int(11) NOT NULL,
  `jenis_lapangan` varchar(198) NOT NULL,
  `harga` int(11) NOT NULL,
  `is_active` int(1) NOT NULL,
  `img` varchar(50) NOT NULL
) ENGINE=InnoDB DEFAULT CHARSET=utf8mb4 COLLATE=utf8mb4_general_ci;

--
-- Dumping data for table `lapangan`
--

INSERT INTO `lapangan` (`id`, `jenis_lapangan`, `harga`, `is_active`, `img`) VALUES
(1, 'Standart', 100000, 1, 's1.png'),
(2, 'Sintetis', 120000, 1, 's2.png');

-- --------------------------------------------------------

--
-- Table structure for table `laporan`
--

CREATE TABLE `laporan` (
  `id` varchar(11) NOT NULL,
  `tanggal` date NOT NULL,
  `pendapatan` int(11) NOT NULL
) ENGINE=InnoDB DEFAULT CHARSET=utf8mb4 COLLATE=utf8mb4_general_ci;

--
-- Dumping data for table `laporan`
--

INSERT INTO `laporan` (`id`, `tanggal`, `pendapatan`) VALUES
('LH240101', '2024-01-01', 1100000),
('LH240102', '2024-01-02', 1100000),
('LH240103', '2024-01-03', 1100000),
('LH240104', '2024-01-04', 1100000),
('LH240105', '2024-01-05', 980000),
('LH240106', '2024-01-06', 1120000),
('LH240107', '2024-01-07', 1200000),
('LH240108', '2024-01-08', 1100000),
('LH240109', '2024-01-09', 1100000),
('LH240110', '2024-01-10', 1100000),
('LH240111', '2024-01-11', 1100000),
('LH240112', '2024-01-12', 1100000),
('LH240113', '2024-01-13', 1100000),
('LH240114', '2024-01-14', 1100000),
('LH240115', '2024-01-15', 1100000),
('LH240116', '2024-01-16', 1100000),
('LH240117', '2024-01-17', 1100000),
('LH240118', '2024-01-18', 1100000),
('LH240119', '2024-01-19', 1100000),
('LH240120', '2024-01-20', 1100000),
('LH240121', '2024-01-21', 1100000),
('LH240122', '2024-01-22', 1100000),
('LH240123', '2024-01-23', 1100000),
('LH240124', '2024-01-24', 1100000),
('LH240125', '2024-01-25', 1100000),
('LH240126', '2024-01-26', 1100000),
('LH240127', '2024-01-27', 1100000),
('LH240128', '2024-01-28', 1100000),
('LH240129', '2024-01-29', 1100000),
('LH240130', '2024-01-30', 1100000),
('LH240131', '2024-01-31', 1100000),
('LH240201', '2024-02-01', 1100000),
('LH240202', '2024-02-02', 1100000),
('LH240203', '2024-02-03', 1100000),
('LH240204', '2024-02-04', 1100000),
('LH240205', '2024-02-05', 1100000),
('LH240206', '2024-02-06', 1100000),
('LH240207', '2024-02-07', 1100000),
('LH240208', '2024-02-08', 1100000),
('LH240209', '2024-02-09', 1100000),
('LH240210', '2024-02-10', 1100000),
('LH240211', '2024-02-11', 1100000),
('LH240212', '2024-02-12', 1100000),
('LH240213', '2024-02-13', 1100000),
('LH240214', '2024-02-14', 1100000),
('LH240215', '2024-02-15', 1100000),
('LH240216', '2024-02-16', 1100000),
('LH240217', '2024-02-17', 1100000),
('LH240218', '2024-02-18', 1100000),
('LH240219', '2024-02-19', 1100000),
('LH240220', '2024-02-20', 1100000),
('LH240221', '2024-02-21', 1100000),
('LH240222', '2024-02-22', 1100000),
('LH240223', '2024-02-23', 1100000),
('LH240224', '2024-02-24', 1100000),
('LH240225', '2024-02-25', 1100000),
('LH240226', '2024-02-26', 1100000),
('LH240227', '2024-02-27', 1100000),
('LH240228', '2024-02-28', 1100000),
('LH240229', '2024-02-29', 1100000),
('LH240301', '2024-03-01', 1100000),
('LH240302', '2024-03-02', 1100000),
('LH240303', '2024-03-03', 1100000),
('LH240304', '2024-03-04', 1100000),
('LH240305', '2024-03-05', 1100000),
('LH240306', '2024-03-06', 1100000),
('LH240307', '2024-03-07', 1100000),
('LH240308', '2024-03-08', 1100000),
('LH240309', '2024-03-09', 1100000),
('LH240310', '2024-03-10', 1100000),
('LH240311', '2024-03-11', 1100000),
('LH240312', '2024-03-12', 1100000),
('LH240313', '2024-03-13', 1100000),
('LH240314', '2024-03-14', 1100000),
('LH240315', '2024-03-15', 1100000),
('LH240316', '2024-03-16', 1100000),
('LH240317', '2024-03-17', 1100000),
('LH240318', '2024-03-18', 1100000),
('LH240319', '2024-03-19', 1100000),
('LH240320', '2024-03-20', 1100000),
('LH240321', '2024-03-21', 1100000),
('LH240322', '2024-03-22', 1100000),
('LH240323', '2024-03-23', 1100000),
('LH240324', '2024-03-24', 1100000),
('LH240325', '2024-03-25', 1100000),
('LH240326', '2024-03-26', 1100000),
('LH240327', '2024-03-27', 1100000),
('LH240328', '2024-03-28', 1100000),
('LH240329', '2024-03-29', 1100000),
('LH240330', '2024-03-30', 1100000),
('LH240331', '2024-03-31', 1100000),
('LH240401', '2024-04-01', 1100000),
('LH240402', '2024-04-02', 1100000),
('LH240403', '2024-04-03', 1100000),
('LH240404', '2024-04-04', 1100000),
('LH240405', '2024-04-05', 1100000),
('LH240406', '2024-04-06', 1100000),
('LH240407', '2024-04-07', 1100000),
('LH240408', '2024-04-08', 1100000),
('LH240409', '2024-04-09', 1100000),
('LH240410', '2024-04-10', 1100000),
('LH240411', '2024-04-11', 1100000),
('LH240412', '2024-04-12', 1100000),
('LH240413', '2024-04-13', 1100000),
('LH240414', '2024-04-14', 1100000),
('LH240415', '2024-04-15', 1100000),
('LH240416', '2024-04-16', 1100000),
('LH240417', '2024-04-17', 1100000),
('LH240418', '2024-04-18', 1100000),
('LH240419', '2024-04-19', 1100000),
('LH240420', '2024-04-20', 1100000),
('LH240421', '2024-04-21', 1100000),
('LH240422', '2024-04-22', 1100000),
('LH240423', '2024-04-23', 1100000),
('LH240424', '2024-04-24', 1100000),
('LH240425', '2024-04-25', 1100000),
('LH240426', '2024-04-26', 1100000),
('LH240427', '2024-04-27', 1100000),
('LH240428', '2024-04-28', 1100000),
('LH240429', '2024-04-29', 1100000),
('LH240430', '2024-04-30', 1100000),
('LH240501', '2024-05-01', 980000),
('LH240502', '2024-05-02', 1200000),
('LH240503', '2024-05-03', 1100000),
('LH240504', '2024-05-04', 1100000),
('LH240505', '2024-05-05', 1100000),
('LH240506', '2024-05-06', 1100000),
('LH240507', '2024-05-07', 1100000),
('LH240508', '2024-05-08', 1100000),
('LH240509', '2024-05-09', 1100000),
('LH240510', '2024-05-10', 1100000),
('LH240511', '2024-05-11', 1100000),
('LH240512', '2024-05-12', 1100000),
('LH240513', '2024-05-13', 1100000),
('LH240514', '2024-05-14', 1100000),
('LH240515', '2024-05-15', 1100000),
('LH240516', '2024-05-16', 1100000),
('LH240517', '2024-05-17', 1100000),
('LH240518', '2024-05-18', 1100000),
('LH240519', '2024-05-19', 1100000),
('LH240520', '2024-05-20', 1100000),
('LH240521', '2024-05-21', 1100000),
('LH240522', '2024-05-22', 1100000),
('LH240523', '2024-05-23', 1100000),
('LH240524', '2024-05-24', 1100000),
('LH240525', '2024-05-25', 1100000),
('LH240526', '2024-05-26', 1100000),
('LH240527', '2024-05-27', 1100000),
('LH240528', '2024-05-28', 1100000),
('LH240529', '2024-05-29', 1100000),
('LH240530', '2024-05-30', 1100000),
('LH240531', '2024-05-31', 1100000),
('LH240601', '2024-06-01', 1100000),
('LH240602', '2024-06-02', 1100000),
('LH240603', '2024-06-03', 1100000),
('LH240604', '2024-06-04', 1100000),
('LH240605', '2024-06-05', 1100000),
('LH240606', '2024-06-06', 1100000),
('LH240607', '2024-06-07', 1100000),
('LH240608', '2024-06-08', 1100000),
('LH240609', '2024-06-09', 1100000),
('LH240610', '2024-06-10', 1100000),
('LH240611', '2024-06-11', 1100000),
('LH240612', '2024-06-12', 1100000),
('LH240613', '2024-06-13', 1100000),
('LH240614', '2024-06-14', 1100000),
('LH240615', '2024-06-15', 1100000),
('LH240616', '2024-06-16', 1100000);

-- --------------------------------------------------------

--
-- Table structure for table `laporan_bulan`
--

CREATE TABLE `laporan_bulan` (
  `id_laporanB` varchar(11) NOT NULL,
  `bulan` varchar(20) NOT NULL,
  `pendapatan` int(200) NOT NULL,
  `tanggal` varchar(20) NOT NULL
) ENGINE=InnoDB DEFAULT CHARSET=utf8mb4 COLLATE=utf8mb4_general_ci;

--
-- Dumping data for table `laporan_bulan`
--

INSERT INTO `laporan_bulan` (`id_laporanB`, `bulan`, `pendapatan`, `tanggal`) VALUES
('LB202401', 'January', 34100000, '2024-01'),
('LB202402', 'February', 31900000, '2024-02'),
('LB202403', 'March', 34100000, '2024-03'),
('LB202404', 'April', 33000000, '2024-04'),
('LB202405', 'May', 34080000, '2024-05');

-- --------------------------------------------------------

--
-- Table structure for table `notif`
--

CREATE TABLE `notif` (
  `id` int(11) NOT NULL,
  `id_user` varchar(20) NOT NULL,
  `id_pelanggan` varchar(200) NOT NULL,
  `statuss` varchar(200) NOT NULL,
  `pesan` varchar(500) NOT NULL,
  `jam` int(11) NOT NULL,
  `status2` varchar(100) NOT NULL
) ENGINE=InnoDB DEFAULT CHARSET=utf8mb4 COLLATE=utf8mb4_general_ci;

--
-- Dumping data for table `notif`
--

INSERT INTO `notif` (`id`, `id_user`, `id_pelanggan`, `statuss`, `pesan`, `jam`, `status2`) VALUES
(64, '7', 'P0411', 'Baca', 'Selamat booking anda dengan Id booking <b>BK240617411 </b> berhasil direschedule. Jangan lupa datang tepat waktu ya!', 1718587804, 'Update'),
(65, '7', 'P0412', 'Baca', 'Selamat booking anda dengan Id booking <b>BK240617412 </b> berhasil direschedule. Jangan lupa datang tepat waktu ya!', 1718600155, 'Update');

-- --------------------------------------------------------

--
-- Table structure for table `pelanggan`
--

CREATE TABLE `pelanggan` (
  `id` varchar(50) NOT NULL,
  `id_user` int(11) NOT NULL,
  `nama` varchar(128) NOT NULL,
  `no_telepon` varchar(12) NOT NULL
) ENGINE=InnoDB DEFAULT CHARSET=utf8mb4 COLLATE=utf8mb4_general_ci;

--
-- Dumping data for table `pelanggan`
--

INSERT INTO `pelanggan` (`id`, `id_user`, `nama`, `no_telepon`) VALUES
('P0001', 0, 'Nopal', '08138168282'),
('P0002', 0, 'Nopal', '08138168282'),
('P0003', 0, 'Nopal', '08138168282'),
('P0004', 0, 'Nopal', '08138168282'),
('P0005', 0, 'Nopal', '08138168282'),
('P0006', 0, 'Nopal', '08138168282'),
('P0007', 0, 'Nopal', '08138168282'),
('P0008', 0, 'Nopal', '08138168282'),
('P0009', 0, 'Nopal', '08138168282'),
('P0010', 0, 'Nopal', '08138168282'),
('P0011', 0, 'Nopal', '08138168282'),
('P0012', 0, 'Nopal', '08138168282'),
('P0013', 0, 'Nopal', '08138168282'),
('P0014', 0, 'Nopal', '08138168282'),
('P0015', 0, 'Nopal', '08138168282'),
('P0016', 0, 'Nopal', '08138168282'),
('P0017', 0, 'Nopal', '08138168282'),
('P0018', 0, 'Nopal', '08138168282'),
('P0019', 0, 'Nopal', '08138168282'),
('P0020', 0, 'Nopal', '08138168282'),
('P0021', 0, 'Nopal', '08138168282'),
('P0022', 0, 'Nopal', '08138168282'),
('P0023', 0, 'Nopal', '08138168282'),
('P0024', 0, 'Nopal', '08138168282'),
('P0025', 0, 'Nopal', '08138168282'),
('P0026', 0, 'Nopal', '08138168282'),
('P0027', 0, 'Nopal', '08138168282'),
('P0028', 0, 'Nopal', '08138168282'),
('P0029', 0, 'Nopal', '08138168282'),
('P0030', 0, 'Nopal', '08138168282'),
('P0031', 0, 'Nopal', '08138168282'),
('P0032', 0, 'Nopal', '08138168282'),
('P0033', 0, 'Nopal', '08138168282'),
('P0034', 0, 'Nopal', '08138168282'),
('P0035', 0, 'Nopal', '08138168282'),
('P0036', 0, 'Nopal', '08138168282'),
('P0037', 0, 'Nopal', '08138168282'),
('P0038', 0, 'Nopal', '08138168282'),
('P0039', 0, 'Nopal', '08138168282'),
('P0040', 0, 'Nopal', '08138168282'),
('P0041', 0, 'Nopal', '08138168282'),
('P0042', 0, 'Nopal', '08138168282'),
('P0043', 0, 'Nopal', '08138168282'),
('P0044', 0, 'Nopal', '08138168282'),
('P0045', 0, 'Nopal', '08138168282'),
('P0046', 0, 'Nopal', '08138168282'),
('P0047', 0, 'Nopal', '08138168282'),
('P0048', 0, 'Nopal', '08138168282'),
('P0049', 0, 'Nopal', '08138168282'),
('P0050', 0, 'Nopal', '08138168282'),
('P0051', 0, 'Nopal', '08138168282'),
('P0052', 0, 'Nopal', '08138168282'),
('P0053', 0, 'Nopal', '08138168282'),
('P0054', 0, 'Nopal', '08138168282'),
('P0055', 0, 'Nopal', '08138168282'),
('P0056', 0, 'Nopal', '08138168282'),
('P0057', 0, 'Nopal', '08138168282'),
('P0058', 0, 'Nopal', '08138168282'),
('P0059', 0, 'Nopal', '08138168282'),
('P0060', 0, 'Nopal', '08138168282'),
('P0061', 0, 'Nopal', '08138168282'),
('P0062', 0, 'Nopal', '08138168282'),
('P0063', 0, 'Nopal', '08138168282'),
('P0064', 0, 'Nopal', '08138168282'),
('P0065', 0, 'Nopal', '08138168282'),
('P0066', 0, 'Nopal', '08138168282'),
('P0067', 0, 'Nopal', '08138168282'),
('P0068', 0, 'Nopal', '08138168282'),
('P0069', 0, 'Nopal', '08138168282'),
('P0070', 0, 'Nopal', '08138168282'),
('P0071', 0, 'Nopal', '08138168282'),
('P0072', 0, 'Nopal', '08138168282'),
('P0073', 0, 'Nopal', '08138168282'),
('P0074', 0, 'Nopal', '08138168282'),
('P0075', 0, 'Nopal', '08138168282'),
('P0076', 0, 'Nopal', '08138168282'),
('P0077', 0, 'Nopal', '08138168282'),
('P0078', 0, 'Nopal', '08138168282'),
('P0079', 0, 'Nopal', '08138168282'),
('P0080', 0, 'Nopal', '08138168282'),
('P0081', 0, 'Nopal', '08138168282'),
('P0082', 0, 'Nopal', '08138168282'),
('P0083', 0, 'Nopal', '08138168282'),
('P0084', 0, 'Nopal', '08138168282'),
('P0085', 0, 'Nopal', '08138168282'),
('P0086', 0, 'Nopal', '08138168282'),
('P0087', 0, 'Nopal', '08138168282'),
('P0088', 0, 'Nopal', '08138168282'),
('P0089', 0, 'Nopal', '08138168282'),
('P0090', 0, 'Nopal', '08138168282'),
('P0091', 0, 'Nopal', '08138168282'),
('P0092', 0, 'Nopal', '08138168282'),
('P0093', 0, 'Nopal', '08138168282'),
('P0094', 0, 'Nopal', '08138168282'),
('P0095', 0, 'Nopal', '08138168282'),
('P0096', 0, 'Nopal', '08138168282'),
('P0097', 0, 'Nopal', '08138168282'),
('P0098', 0, 'Nopal', '08138168282'),
('P0099', 0, 'Nopal', '08138168282'),
('P0100', 0, 'Nopal', '08138168282'),
('P0101', 0, 'Nopal', '08138168282'),
('P0102', 0, 'Nopal', '08138168282'),
('P0103', 0, 'Nopal', '08138168282'),
('P0104', 0, 'Nopal', '08138168282'),
('P0105', 0, 'Nopal', '08138168282'),
('P0106', 0, 'Nopal', '08138168282'),
('P0107', 0, 'Nopal', '08138168282'),
('P0108', 0, 'Nopal', '08138168282'),
('P0109', 0, 'Nopal', '08138168282'),
('P0110', 0, 'Nopal', '08138168282'),
('P0111', 0, 'Nopal', '08138168282'),
('P0112', 0, 'Nopal', '08138168282'),
('P0113', 0, 'Nopal', '08138168282'),
('P0114', 0, 'Nopal', '08138168282'),
('P0115', 0, 'Nopal', '08138168282'),
('P0116', 0, 'Nopal', '08138168282'),
('P0117', 0, 'Nopal', '08138168282'),
('P0118', 0, 'Nopal', '08138168282'),
('P0119', 0, 'Nopal', '08138168282'),
('P0120', 0, 'Nopal', '08138168282'),
('P0121', 0, 'Nopal', '08138168282'),
('P0122', 0, 'Nopal', '08138168282'),
('P0123', 0, 'Nopal', '08138168282'),
('P0124', 0, 'Nopal', '08138168282'),
('P0125', 0, 'Nopal', '08138168282'),
('P0126', 0, 'Nopal', '08138168282'),
('P0127', 0, 'Nopal', '08138168282'),
('P0128', 0, 'Nopal', '08138168282'),
('P0129', 0, 'Nopal', '08138168282'),
('P0130', 0, 'Nopal', '08138168282'),
('P0131', 0, 'Nopal', '08138168282'),
('P0132', 0, 'Nopal', '08138168282'),
('P0133', 0, 'Nopal', '08138168282'),
('P0134', 0, 'Nopal', '08138168282'),
('P0135', 0, 'Nopal', '08138168282'),
('P0136', 0, 'Nopal', '08138168282'),
('P0137', 0, 'Nopal', '08138168282'),
('P0138', 0, 'Nopal', '08138168282'),
('P0139', 0, 'Nopal', '08138168282'),
('P0140', 0, 'Nopal', '08138168282'),
('P0141', 0, 'Nopal', '08138168282'),
('P0142', 0, 'Nopal', '08138168282'),
('P0143', 0, 'Nopal', '08138168282'),
('P0144', 0, 'Nopal', '08138168282'),
('P0145', 0, 'Nopal', '08138168282'),
('P0146', 0, 'Nopal', '08138168282'),
('P0147', 0, 'Nopal', '08138168282'),
('P0148', 0, 'Nopal', '08138168282'),
('P0149', 0, 'Nopal', '08138168282'),
('P0150', 0, 'Nopal', '08138168282'),
('P0151', 0, 'Nopal', '08138168282'),
('P0152', 0, 'Nopal', '08138168282'),
('P0153', 0, 'Nopal', '08138168282'),
('P0154', 0, 'Nopal', '08138168282'),
('P0155', 0, 'Nopal', '08138168282'),
('P0156', 0, 'Nopal', '08138168282'),
('P0157', 0, 'Nopal', '08138168282'),
('P0158', 0, 'Nopal', '08138168282'),
('P0159', 0, 'Nopal', '08138168282'),
('P0160', 0, 'Nopal', '08138168282'),
('P0161', 0, 'Nopal', '08138168282'),
('P0162', 0, 'Nopal', '08138168282'),
('P0163', 0, 'Nopal', '08138168282'),
('P0164', 0, 'Nopal', '08138168282'),
('P0165', 0, 'Nopal', '08138168282'),
('P0166', 0, 'Nopal', '08138168282'),
('P0167', 0, 'Nopal', '08138168282'),
('P0168', 0, 'Nopal', '08138168282'),
('P0169', 0, 'Nopal', '08138168282'),
('P0170', 0, 'Nopal', '08138168282'),
('P0171', 0, 'Nopal', '08138168282'),
('P0172', 0, 'Nopal', '08138168282'),
('P0173', 0, 'Nopal', '08138168282'),
('P0174', 0, 'Nopal', '08138168282'),
('P0175', 0, 'Nopal', '08138168282'),
('P0176', 0, 'Nopal', '08138168282'),
('P0177', 0, 'Nopal', '08138168282'),
('P0178', 0, 'Nopal', '08138168282'),
('P0179', 0, 'Nopal', '08138168282'),
('P0180', 0, 'Nopal', '08138168282'),
('P0181', 0, 'Nopal', '08138168282'),
('P0182', 0, 'Nopal', '08138168282'),
('P0183', 0, 'Nopal', '08138168282'),
('P0184', 0, 'Nopal', '08138168282'),
('P0185', 0, 'Nopal', '08138168282'),
('P0186', 0, 'Nopal', '08138168282'),
('P0187', 0, 'Nopal', '08138168282'),
('P0188', 0, 'Nopal', '08138168282'),
('P0189', 0, 'Nopal', '08138168282'),
('P0190', 0, 'Nopal', '08138168282'),
('P0191', 0, 'Nopal', '08138168282'),
('P0192', 0, 'Nopal', '08138168282'),
('P0193', 0, 'Nopal', '08138168282'),
('P0194', 0, 'Nopal', '08138168282'),
('P0195', 0, 'Nopal', '08138168282'),
('P0196', 0, 'Nopal', '08138168282'),
('P0197', 0, 'Nopal', '08138168282'),
('P0198', 0, 'Nopal', '08138168282'),
('P0199', 0, 'Nopal', '08138168282'),
('P0200', 0, 'Nopal', '08138168282'),
('P0201', 0, 'Nopal', '08138168282'),
('P0202', 0, 'Nopal', '08138168282'),
('P0203', 0, 'Nopal', '08138168282'),
('P0204', 0, 'Nopal', '08138168282'),
('P0205', 0, 'Nopal', '08138168282'),
('P0206', 0, 'Nopal', '08138168282'),
('P0207', 0, 'Nopal', '08138168282'),
('P0208', 0, 'Nopal', '08138168282'),
('P0209', 0, 'Nopal', '08138168282'),
('P0210', 0, 'Nopal', '08138168282'),
('P0211', 0, 'Nopal', '08138168282'),
('P0212', 0, 'Nopal', '08138168282'),
('P0213', 0, 'Nopal', '08138168282'),
('P0214', 0, 'Nopal', '08138168282'),
('P0215', 0, 'Nopal', '08138168282'),
('P0216', 0, 'Nopal', '08138168282'),
('P0217', 0, 'Nopal', '08138168282'),
('P0218', 0, 'Nopal', '08138168282'),
('P0219', 0, 'Nopal', '08138168282'),
('P0220', 0, 'Nopal', '08138168282'),
('P0221', 0, 'Nopal', '08138168282'),
('P0222', 0, 'Nopal', '08138168282'),
('P0223', 0, 'Nopal', '08138168282'),
('P0224', 0, 'Nopal', '08138168282'),
('P0225', 0, 'Nopal', '08138168282'),
('P0226', 0, 'Nopal', '08138168282'),
('P0227', 0, 'Nopal', '08138168282'),
('P0228', 0, 'Nopal', '08138168282'),
('P0229', 0, 'Nopal', '08138168282'),
('P0230', 0, 'Nopal', '08138168282'),
('P0231', 0, 'Nopal', '08138168282'),
('P0232', 0, 'Nopal', '08138168282'),
('P0233', 0, 'Nopal', '08138168282'),
('P0234', 0, 'Nopal', '08138168282'),
('P0235', 0, 'Nopal', '08138168282'),
('P0236', 0, 'Nopal', '08138168282'),
('P0237', 0, 'Nopal', '08138168282'),
('P0238', 0, 'Nopal', '08138168282'),
('P0239', 0, 'Nopal', '08138168282'),
('P0240', 0, 'Nopal', '08138168282'),
('P0241', 0, 'Nopal', '08138168282'),
('P0242', 0, 'Nopal', '08138168282'),
('P0243', 0, 'Nopal', '08138168282'),
('P0244', 0, 'Nopal', '08138168282'),
('P0245', 0, 'Nopal', '08138168282'),
('P0246', 0, 'Nopal', '08138168282'),
('P0247', 0, 'Nopal', '08138168282'),
('P0248', 0, 'Nopal', '08138168282'),
('P0249', 0, 'Nopal', '08138168282'),
('P0250', 0, 'Nopal', '08138168282'),
('P0251', 0, 'Nopal', '08138168282'),
('P0252', 0, 'Nopal', '08138168282'),
('P0253', 0, 'Nopal', '08138168282'),
('P0254', 0, 'Nopal', '08138168282'),
('P0255', 0, 'Nopal', '08138168282'),
('P0256', 0, 'Nopal', '08138168282'),
('P0257', 0, 'Nopal', '08138168282'),
('P0258', 0, 'Nopal', '08138168282'),
('P0259', 0, 'Nopal', '08138168282'),
('P0260', 0, 'Nopal', '08138168282'),
('P0261', 0, 'Nopal', '08138168282'),
('P0262', 0, 'Nopal', '08138168282'),
('P0263', 0, 'Nopal', '08138168282'),
('P0264', 0, 'Nopal', '08138168282'),
('P0265', 0, 'Nopal', '08138168282'),
('P0266', 0, 'Nopal', '08138168282'),
('P0267', 0, 'Nopal', '08138168282'),
('P0268', 0, 'Nopal', '08138168282'),
('P0269', 0, 'Nopal', '08138168282'),
('P0270', 0, 'Nopal', '08138168282'),
('P0271', 0, 'Nopal', '08138168282'),
('P0272', 0, 'Nopal', '08138168282'),
('P0273', 0, 'Nopal', '08138168282'),
('P0274', 0, 'Nopal', '08138168282'),
('P0275', 0, 'Nopal', '08138168282'),
('P0276', 0, 'Nopal', '08138168282'),
('P0277', 0, 'Nopal', '08138168282'),
('P0278', 0, 'Nopal', '08138168282'),
('P0279', 0, 'Nopal', '08138168282'),
('P0280', 0, 'Nopal', '08138168282'),
('P0281', 0, 'Nopal', '08138168282'),
('P0282', 0, 'Nopal', '08138168282'),
('P0283', 0, 'Nopal', '08138168282'),
('P0284', 0, 'Nopal', '08138168282'),
('P0285', 0, 'Nopal', '08138168282'),
('P0286', 0, 'Nopal', '08138168282'),
('P0287', 0, 'Nopal', '08138168282'),
('P0288', 0, 'Nopal', '08138168282'),
('P0289', 0, 'Nopal', '08138168282'),
('P0290', 0, 'Nopal', '08138168282'),
('P0291', 0, 'Nopal', '08138168282'),
('P0292', 0, 'Nopal', '08138168282'),
('P0293', 0, 'Nopal', '08138168282'),
('P0294', 0, 'Nopal', '08138168282'),
('P0295', 0, 'Nopal', '08138168282'),
('P0296', 0, 'Nopal', '08138168282'),
('P0297', 0, 'Nopal', '08138168282'),
('P0298', 0, 'Nopal', '08138168282'),
('P0299', 0, 'Nopal', '08138168282'),
('P0300', 0, 'Nopal', '08138168282'),
('P0301', 0, 'Nopal', '08138168282'),
('P0302', 0, 'Nopal', '08138168282'),
('P0303', 0, 'Nopal', '08138168282'),
('P0304', 0, 'Nopal', '08138168282'),
('P0305', 0, 'Nopal', '08138168282'),
('P0306', 0, 'Nopal', '08138168282'),
('P0307', 0, 'Nopal', '08138168282'),
('P0308', 0, 'Nopal', '08138168282'),
('P0309', 0, 'Nopal', '08138168282'),
('P0310', 0, 'Nopal', '08138168282'),
('P0311', 0, 'Nopal', '08138168282'),
('P0312', 0, 'Nopal', '08138168282'),
('P0313', 0, 'Nopal', '08138168282'),
('P0314', 0, 'Nopal', '08138168282'),
('P0315', 0, 'Nopal', '08138168282'),
('P0316', 0, 'Nopal', '08138168282'),
('P0317', 0, 'Nopal', '08138168282'),
('P0318', 0, 'Nopal', '08138168282'),
('P0319', 0, 'Nopal', '08138168282'),
('P0320', 0, 'Nopal', '08138168282'),
('P0321', 0, 'Nopal', '08138168282'),
('P0322', 0, 'Nopal', '08138168282'),
('P0323', 0, 'Nopal', '08138168282'),
('P0324', 0, 'Nopal', '08138168282'),
('P0325', 0, 'Nopal', '08138168282'),
('P0326', 0, 'Nopal', '08138168282'),
('P0327', 0, 'Nopal', '08138168282'),
('P0328', 0, 'Nopal', '08138168282'),
('P0329', 0, 'Nopal', '08138168282'),
('P0330', 0, 'Nopal', '08138168282'),
('P0331', 0, 'Nopal', '08138168282'),
('P0332', 0, 'Nopal', '08138168282'),
('P0333', 0, 'Nopal', '08138168282'),
('P0334', 0, 'Nopal', '08138168282'),
('P0335', 0, 'Nopal', '08138168282'),
('P0336', 0, 'Nopal', '08138168282'),
('P0337', 0, 'Nopal', '08138168282'),
('P0338', 0, 'Nopal', '08138168282'),
('P0339', 0, 'Nopal', '08138168282'),
('P0340', 0, 'Nopal', '08138168282'),
('P0341', 0, 'Nopal', '08138168282'),
('P0342', 0, 'Nopal', '08138168282'),
('P0343', 0, 'Nopal', '08138168282'),
('P0344', 0, 'Nopal', '08138168282'),
('P0345', 0, 'Nopal', '08138168282'),
('P0346', 0, 'Nopal', '08138168282'),
('P0347', 0, 'Nopal', '08138168282'),
('P0348', 0, 'Nopal', '08138168282'),
('P0349', 0, 'Nopal', '08138168282'),
('P0350', 0, 'Nopal', '08138168282'),
('P0351', 0, 'Nopal', '08138168282'),
('P0352', 0, 'Nopal', '08138168282'),
('P0353', 0, 'Nopal', '08138168282'),
('P0354', 0, 'Nopal', '08138168282'),
('P0355', 0, 'Nopal', '08138168282'),
('P0356', 0, 'Nopal', '08138168282'),
('P0357', 0, 'Nopal', '08138168282'),
('P0358', 0, 'Nopal', '08138168282'),
('P0359', 0, 'Nopal', '08138168282'),
('P0360', 0, 'Nopal', '08138168282'),
('P0361', 0, 'Nopal', '08138168282'),
('P0362', 0, 'Nopal', '08138168282'),
('P0363', 0, 'Nopal', '08138168282'),
('P0364', 0, 'Nopal', '08138168282'),
('P0365', 0, 'Nopal', '08138168282'),
('P0366', 0, 'Nopal', '08138168282'),
('P0367', 0, 'Nopal', '08138168282'),
('P0368', 0, 'Nopal', '08138168282'),
('P0369', 0, 'Nopal', '08138168282'),
('P0370', 0, 'Nopal', '08138168282'),
('P0371', 0, 'Nopal', '08138168282'),
('P0372', 0, 'Nopal', '08138168282'),
('P0373', 0, 'Nopal', '08138168282'),
('P0374', 0, 'Nopal', '08138168282'),
('P0375', 0, 'Nopal', '08138168282'),
('P0376', 0, 'Nopal', '08138168282'),
('P0377', 0, 'Nopal', '08138168282'),
('P0378', 0, 'Nopal', '08138168282'),
('P0379', 0, 'Nopal', '08138168282'),
('P0380', 0, 'Nopal', '08138168282'),
('P0381', 0, 'Nopal', '08138168282'),
('P0382', 0, 'Nopal', '08138168282'),
('P0383', 0, 'Nopal', '08138168282'),
('P0384', 0, 'Nopal', '08138168282'),
('P0385', 0, 'Nopal', '08138168282'),
('P0386', 0, 'Nopal', '08138168282'),
('P0387', 0, 'Nopal', '08138168282'),
('P0388', 0, 'Nopal', '08138168282'),
('P0389', 0, 'Nopal', '08138168282'),
('P0390', 0, 'Nopal', '08138168282'),
('P0391', 0, 'Nopal', '08138168282'),
('P0392', 0, 'Nopal', '08138168282'),
('P0393', 0, 'Nopal', '08138168282'),
('P0394', 0, 'Nopal', '08138168282'),
('P0395', 0, 'Nopal', '08138168282'),
('P0396', 0, 'Nopal', '08138168282'),
('P0397', 0, 'Nopal', '08138168282'),
('P0398', 0, 'Nopal', '08138168282'),
('P0399', 0, 'Nopal', '08138168282'),
('P0400', 0, 'Nopal', '08138168282'),
('P0401', 0, 'Nopal', '08138168282'),
('P0402', 0, 'Nopal', '08138168282'),
('P0403', 0, 'Nopal', '08138168282'),
('P0404', 0, 'Nopal', '08138168282'),
('P0405', 0, 'Nopal', '08138168282'),
('P0406', 0, 'Nopal', '08138168282'),
('P0407', 0, 'Nopal', '08138168282'),
('P0408', 0, 'Nopal', '08138168282'),
('P0409', 0, 'Nopal', '08138168282'),
('P0410', 0, 'Nopal', '08138168282'),
('P0411', 0, 'ipan', '081728988111'),
('P0412', 0, 'ipan', '081728988111');

-- --------------------------------------------------------

--
-- Table structure for table `transaksi`
--

CREATE TABLE `transaksi` (
  `nota` varchar(200) NOT NULL,
  `id_booking` varchar(200) NOT NULL,
  `tanggal` date NOT NULL,
  `total` int(11) NOT NULL,
  `metode` varchar(150) NOT NULL,
  `statuss` enum('Belum','Laporan') NOT NULL,
  `date_tr` int(11) NOT NULL,
  `status2` varchar(100) NOT NULL
) ENGINE=InnoDB DEFAULT CHARSET=utf8mb4 COLLATE=utf8mb4_general_ci;

--
-- Dumping data for table `transaksi`
--

INSERT INTO `transaksi` (`nota`, `id_booking`, `tanggal`, `total`, `metode`, `statuss`, `date_tr`, `status2`) VALUES
('TR240101001', 'BK240101001', '2024-01-01', 100000, 'Pembayaran Langsung', 'Laporan', 1718533175, 'Sukses'),
('TR240101002', 'BK240101002', '2024-01-01', 100000, 'Pembayaran Langsung', 'Laporan', 1718533175, 'Sukses'),
('TR240101003', 'BK240101003', '2024-01-01', 100000, 'Pembayaran Langsung', 'Laporan', 1718533175, 'Sukses'),
('TR240101004', 'BK240101004', '2024-01-01', 100000, 'Pembayaran Langsung', 'Laporan', 1718533175, 'Sukses'),
('TR240101005', 'BK240101005', '2024-01-01', 100000, 'Pembayaran Langsung', 'Laporan', 1718533175, 'Sukses'),
('TR240101006', 'BK240101006', '2024-01-01', 120000, 'Pembayaran Langsung', 'Laporan', 1718533175, 'Sukses'),
('TR240101007', 'BK240101007', '2024-01-01', 120000, 'Pembayaran Langsung', 'Laporan', 1718533175, 'Sukses'),
('TR240101008', 'BK240101008', '2024-01-01', 120000, 'Pembayaran Langsung', 'Laporan', 1718533175, 'Sukses'),
('TR240101009', 'BK240101009', '2024-01-01', 120000, 'Pembayaran Langsung', 'Laporan', 1718533175, 'Sukses'),
('TR240101010', 'BK240101010', '2024-01-01', 120000, 'Pembayaran Langsung', 'Laporan', 1718533175, 'Sukses'),
('TR240101011', 'BK240101011', '2024-01-02', 100000, 'Pembayaran Langsung', 'Laporan', 1718533175, 'Sukses'),
('TR240101012', 'BK240101012', '2024-01-02', 100000, 'Pembayaran Langsung', 'Laporan', 1718533175, 'Sukses'),
('TR240101013', 'BK240101013', '2024-01-02', 100000, 'Pembayaran Langsung', 'Laporan', 1718533175, 'Sukses'),
('TR240101014', 'BK240101014', '2024-01-02', 100000, 'Pembayaran Langsung', 'Laporan', 1718533175, 'Sukses'),
('TR240101015', 'BK240101015', '2024-01-02', 100000, 'Pembayaran Langsung', 'Laporan', 1718533175, 'Sukses'),
('TR240101016', 'BK240101016', '2024-01-02', 120000, 'Pembayaran Langsung', 'Laporan', 1718533175, 'Sukses'),
('TR240101017', 'BK240101017', '2024-01-02', 120000, 'Pembayaran Langsung', 'Laporan', 1718533175, 'Sukses'),
('TR240101018', 'BK240101018', '2024-01-02', 120000, 'Pembayaran Langsung', 'Laporan', 1718533175, 'Sukses'),
('TR240101019', 'BK240101019', '2024-01-02', 120000, 'Pembayaran Langsung', 'Laporan', 1718533175, 'Sukses'),
('TR240101020', 'BK240101020', '2024-01-02', 120000, 'Pembayaran Langsung', 'Laporan', 1718533175, 'Sukses'),
('TR240101021', 'BK240101021', '2024-01-03', 100000, 'Pembayaran Langsung', 'Laporan', 1718533175, 'Sukses'),
('TR240101022', 'BK240101022', '2024-01-03', 100000, 'Pembayaran Langsung', 'Laporan', 1718533175, 'Sukses'),
('TR240101023', 'BK240101023', '2024-01-03', 100000, 'Pembayaran Langsung', 'Laporan', 1718533175, 'Sukses'),
('TR240101024', 'BK240101024', '2024-01-03', 100000, 'Pembayaran Langsung', 'Laporan', 1718533175, 'Sukses'),
('TR240101025', 'BK240101025', '2024-01-03', 100000, 'Pembayaran Langsung', 'Laporan', 1718533175, 'Sukses'),
('TR240101026', 'BK240101026', '2024-01-03', 120000, 'Pembayaran Langsung', 'Laporan', 1718533175, 'Sukses'),
('TR240101027', 'BK240101027', '2024-01-03', 120000, 'Pembayaran Langsung', 'Laporan', 1718533175, 'Sukses'),
('TR240101028', 'BK240101028', '2024-01-03', 120000, 'Pembayaran Langsung', 'Laporan', 1718533175, 'Sukses'),
('TR240101029', 'BK240101029', '2024-01-03', 120000, 'Pembayaran Langsung', 'Laporan', 1718533175, 'Sukses'),
('TR240101030', 'BK240101030', '2024-01-03', 120000, 'Pembayaran Langsung', 'Laporan', 1718533175, 'Sukses'),
('TR240101031', 'BK240101031', '2024-01-04', 100000, 'Pembayaran Langsung', 'Laporan', 1718533175, 'Sukses'),
('TR240101032', 'BK240101032', '2024-01-04', 100000, 'Pembayaran Langsung', 'Laporan', 1718533175, 'Sukses'),
('TR240101033', 'BK240101033', '2024-01-04', 100000, 'Pembayaran Langsung', 'Laporan', 1718533175, 'Sukses'),
('TR240101034', 'BK240101034', '2024-01-04', 100000, 'Pembayaran Langsung', 'Laporan', 1718533175, 'Sukses'),
('TR240101035', 'BK240101035', '2024-01-04', 100000, 'Pembayaran Langsung', 'Laporan', 1718533175, 'Sukses'),
('TR240101036', 'BK240101036', '2024-01-04', 120000, 'Pembayaran Langsung', 'Laporan', 1718533175, 'Sukses'),
('TR240101037', 'BK240101037', '2024-01-04', 120000, 'Pembayaran Langsung', 'Laporan', 1718533175, 'Sukses'),
('TR240101038', 'BK240101038', '2024-01-04', 120000, 'Pembayaran Langsung', 'Laporan', 1718533175, 'Sukses'),
('TR240101039', 'BK240101039', '2024-01-04', 120000, 'Pembayaran Langsung', 'Laporan', 1718533175, 'Sukses'),
('TR240101040', 'BK240101040', '2024-01-04', 120000, 'Pembayaran Langsung', 'Laporan', 1718533175, 'Sukses'),
('TR240101041', 'BK240101041', '2024-01-05', 100000, 'Pembayaran Langsung', 'Laporan', 1718533175, 'Sukses'),
('TR240101042', 'BK240101042', '2024-01-05', 100000, 'Pembayaran Langsung', 'Laporan', 1718533175, 'Sukses'),
('TR240101043', 'BK240101043', '2024-01-05', 100000, 'Pembayaran Langsung', 'Laporan', 1718533175, 'Sukses'),
('TR240101044', 'BK240101044', '2024-01-05', 100000, 'Pembayaran Langsung', 'Laporan', 1718533175, 'Sukses'),
('TR240101045', 'BK240101045', '2024-01-05', 100000, 'Pembayaran Langsung', 'Laporan', 1718533175, 'Sukses'),
('TR240101046', 'BK240101046', '2024-01-05', 120000, 'Pembayaran Langsung', 'Laporan', 1718533175, 'Sukses'),
('TR240101047', 'BK240101047', '2024-01-05', 120000, 'Pembayaran Langsung', 'Laporan', 1718533175, 'Sukses'),
('TR240101048', 'BK240101048', '2024-01-05', 120000, 'Pembayaran Langsung', 'Laporan', 1718533175, 'Sukses'),
('TR240101049', 'BK240101049', '2024-01-05', 120000, 'Pembayaran Langsung', 'Laporan', 1718533175, 'Sukses'),
('TR240101050', 'BK240101050', '2024-01-06', 100000, 'Pembayaran Langsung', 'Laporan', 1718533175, 'Sukses'),
('TR240101051', 'BK240101051', '2024-01-06', 100000, 'Pembayaran Langsung', 'Laporan', 1718533175, 'Sukses'),
('TR240101052', 'BK240101052', '2024-01-06', 100000, 'Pembayaran Langsung', 'Laporan', 1718533175, 'Sukses'),
('TR240101053', 'BK240101053', '2024-01-06', 100000, 'Pembayaran Langsung', 'Laporan', 1718533175, 'Sukses'),
('TR240101054', 'BK240101054', '2024-01-06', 120000, 'Pembayaran Langsung', 'Laporan', 1718533175, 'Sukses'),
('TR240101055', 'BK240101055', '2024-01-06', 120000, 'Pembayaran Langsung', 'Laporan', 1718533175, 'Sukses'),
('TR240101056', 'BK240101056', '2024-01-06', 120000, 'Pembayaran Langsung', 'Laporan', 1718533175, 'Sukses'),
('TR240101057', 'BK240101057', '2024-01-06', 120000, 'Pembayaran Langsung', 'Laporan', 1718533175, 'Sukses'),
('TR240101058', 'BK240101058', '2024-01-06', 120000, 'Pembayaran Langsung', 'Laporan', 1718533175, 'Sukses'),
('TR240101059', 'BK240101059', '2024-01-06', 120000, 'Pembayaran Langsung', 'Laporan', 1718533175, 'Sukses'),
('TR240101060', 'BK240101060', '2024-01-07', 100000, 'Pembayaran Langsung', 'Laporan', 1718533175, 'Sukses'),
('TR240101061', 'BK240101061', '2024-01-07', 100000, 'Pembayaran Langsung', 'Laporan', 1718533175, 'Sukses'),
('TR240101062', 'BK240101062', '2024-01-07', 100000, 'Pembayaran Langsung', 'Laporan', 1718533175, 'Sukses'),
('TR240101063', 'BK240101063', '2024-01-07', 100000, 'Pembayaran Langsung', 'Laporan', 1718533175, 'Sukses'),
('TR240101064', 'BK240101064', '2024-01-07', 100000, 'Pembayaran Langsung', 'Laporan', 1718533175, 'Sukses'),
('TR240101065', 'BK240101065', '2024-01-07', 100000, 'Pembayaran Langsung', 'Laporan', 1718533175, 'Sukses'),
('TR240101066', 'BK240101066', '2024-01-07', 120000, 'Pembayaran Langsung', 'Laporan', 1718533175, 'Sukses'),
('TR240101067', 'BK240101067', '2024-01-07', 120000, 'Pembayaran Langsung', 'Laporan', 1718533175, 'Sukses'),
('TR240101068', 'BK240101068', '2024-01-07', 120000, 'Pembayaran Langsung', 'Laporan', 1718533175, 'Sukses'),
('TR240101069', 'BK240101069', '2024-01-07', 120000, 'Pembayaran Langsung', 'Laporan', 1718533175, 'Sukses'),
('TR240101070', 'BK240101070', '2024-01-07', 120000, 'Pembayaran Langsung', 'Laporan', 1718533175, 'Sukses'),
('TR240201071', 'BK240201071', '2024-02-01', 100000, 'Pembayaran Langsung', 'Laporan', 1718533175, 'Sukses'),
('TR240201072', 'BK240201072', '2024-02-01', 100000, 'Pembayaran Langsung', 'Laporan', 1718533175, 'Sukses'),
('TR240201073', 'BK240201073', '2024-02-01', 100000, 'Pembayaran Langsung', 'Laporan', 1718533175, 'Sukses'),
('TR240201074', 'BK240201074', '2024-02-01', 100000, 'Pembayaran Langsung', 'Laporan', 1718533175, 'Sukses'),
('TR240201075', 'BK240201075', '2024-02-01', 100000, 'Pembayaran Langsung', 'Laporan', 1718533175, 'Sukses'),
('TR240201076', 'BK240201076', '2024-02-01', 120000, 'Pembayaran Langsung', 'Laporan', 1718533175, 'Sukses'),
('TR240201077', 'BK240201077', '2024-02-01', 120000, 'Pembayaran Langsung', 'Laporan', 1718533175, 'Sukses'),
('TR240201078', 'BK240201078', '2024-02-01', 120000, 'Pembayaran Langsung', 'Laporan', 1718533175, 'Sukses'),
('TR240201079', 'BK240201079', '2024-02-01', 120000, 'Pembayaran Langsung', 'Laporan', 1718533175, 'Sukses'),
('TR240201080', 'BK240201080', '2024-02-01', 120000, 'Pembayaran Langsung', 'Laporan', 1718533175, 'Sukses'),
('TR240201081', 'BK240201081', '2024-02-02', 100000, 'Pembayaran Langsung', 'Laporan', 1718533175, 'Sukses'),
('TR240201082', 'BK240201082', '2024-02-02', 100000, 'Pembayaran Langsung', 'Laporan', 1718533175, 'Sukses'),
('TR240201083', 'BK240201083', '2024-02-02', 100000, 'Pembayaran Langsung', 'Laporan', 1718533175, 'Sukses'),
('TR240201084', 'BK240201084', '2024-02-02', 100000, 'Pembayaran Langsung', 'Laporan', 1718533175, 'Sukses'),
('TR240201085', 'BK240201085', '2024-02-02', 100000, 'Pembayaran Langsung', 'Laporan', 1718533175, 'Sukses'),
('TR240201086', 'BK240201086', '2024-02-02', 120000, 'Pembayaran Langsung', 'Laporan', 1718533175, 'Sukses'),
('TR240201087', 'BK240201087', '2024-02-02', 120000, 'Pembayaran Langsung', 'Laporan', 1718533175, 'Sukses'),
('TR240201088', 'BK240201088', '2024-02-02', 120000, 'Pembayaran Langsung', 'Laporan', 1718533175, 'Sukses'),
('TR240201089', 'BK240201089', '2024-02-02', 120000, 'Pembayaran Langsung', 'Laporan', 1718533175, 'Sukses'),
('TR240201090', 'BK240201090', '2024-02-02', 120000, 'Pembayaran Langsung', 'Laporan', 1718533175, 'Sukses'),
('TR240201091', 'BK240201091', '2024-02-03', 100000, 'Pembayaran Langsung', 'Laporan', 1718533175, 'Sukses'),
('TR240201092', 'BK240201092', '2024-02-03', 100000, 'Pembayaran Langsung', 'Laporan', 1718533175, 'Sukses'),
('TR240201093', 'BK240201093', '2024-02-03', 100000, 'Pembayaran Langsung', 'Laporan', 1718533175, 'Sukses'),
('TR240201094', 'BK240201094', '2024-02-03', 100000, 'Pembayaran Langsung', 'Laporan', 1718533175, 'Sukses'),
('TR240201095', 'BK240201095', '2024-02-03', 100000, 'Pembayaran Langsung', 'Laporan', 1718533175, 'Sukses'),
('TR240201096', 'BK240201096', '2024-02-03', 120000, 'Pembayaran Langsung', 'Laporan', 1718533175, 'Sukses'),
('TR240201097', 'BK240201097', '2024-02-03', 120000, 'Pembayaran Langsung', 'Laporan', 1718533175, 'Sukses'),
('TR240201098', 'BK240201098', '2024-02-03', 120000, 'Pembayaran Langsung', 'Laporan', 1718533175, 'Sukses'),
('TR240201099', 'BK240201099', '2024-02-03', 120000, 'Pembayaran Langsung', 'Laporan', 1718533175, 'Sukses'),
('TR240201100', 'BK240201100', '2024-02-03', 120000, 'Pembayaran Langsung', 'Laporan', 1718533175, 'Sukses'),
('TR240201101', 'BK240201101', '2024-02-04', 100000, 'Pembayaran Langsung', 'Laporan', 1718533175, 'Sukses'),
('TR240201102', 'BK240201102', '2024-02-04', 100000, 'Pembayaran Langsung', 'Laporan', 1718533175, 'Sukses'),
('TR240201103', 'BK240201103', '2024-02-04', 100000, 'Pembayaran Langsung', 'Laporan', 1718533175, 'Sukses'),
('TR240201104', 'BK240201104', '2024-02-04', 100000, 'Pembayaran Langsung', 'Laporan', 1718533175, 'Sukses'),
('TR240201105', 'BK240201105', '2024-02-04', 100000, 'Pembayaran Langsung', 'Laporan', 1718533175, 'Sukses'),
('TR240201106', 'BK240201106', '2024-02-04', 120000, 'Pembayaran Langsung', 'Laporan', 1718533175, 'Sukses'),
('TR240201107', 'BK240201107', '2024-02-04', 120000, 'Pembayaran Langsung', 'Laporan', 1718533175, 'Sukses'),
('TR240201108', 'BK240201108', '2024-02-04', 120000, 'Pembayaran Langsung', 'Laporan', 1718533175, 'Sukses'),
('TR240201109', 'BK240201109', '2024-02-04', 120000, 'Pembayaran Langsung', 'Laporan', 1718533175, 'Sukses'),
('TR240201110', 'BK240201110', '2024-02-04', 120000, 'Pembayaran Langsung', 'Laporan', 1718533175, 'Sukses'),
('TR240201111', 'BK240201111', '2024-02-05', 100000, 'Pembayaran Langsung', 'Laporan', 1718533175, 'Sukses'),
('TR240201112', 'BK240201112', '2024-02-05', 100000, 'Pembayaran Langsung', 'Laporan', 1718533175, 'Sukses'),
('TR240201113', 'BK240201113', '2024-02-05', 100000, 'Pembayaran Langsung', 'Laporan', 1718533175, 'Sukses'),
('TR240201114', 'BK240201114', '2024-02-05', 100000, 'Pembayaran Langsung', 'Laporan', 1718533175, 'Sukses'),
('TR240201115', 'BK240201115', '2024-02-05', 100000, 'Pembayaran Langsung', 'Laporan', 1718533175, 'Sukses'),
('TR240201116', 'BK240201116', '2024-02-05', 120000, 'Pembayaran Langsung', 'Laporan', 1718533175, 'Sukses'),
('TR240201117', 'BK240201117', '2024-02-05', 120000, 'Pembayaran Langsung', 'Laporan', 1718533175, 'Sukses'),
('TR240201118', 'BK240201118', '2024-02-05', 120000, 'Pembayaran Langsung', 'Laporan', 1718533175, 'Sukses'),
('TR240201119', 'BK240201119', '2024-02-05', 120000, 'Pembayaran Langsung', 'Laporan', 1718533175, 'Sukses'),
('TR240201120', 'BK240201120', '2024-02-05', 120000, 'Pembayaran Langsung', 'Laporan', 1718533175, 'Sukses'),
('TR240201121', 'BK240201121', '2024-03-01', 100000, 'Pembayaran Langsung', 'Laporan', 1718533175, 'Sukses'),
('TR240201122', 'BK240201122', '2024-03-01', 100000, 'Pembayaran Langsung', 'Laporan', 1718533175, 'Sukses'),
('TR240201123', 'BK240201123', '2024-03-01', 100000, 'Pembayaran Langsung', 'Laporan', 1718533175, 'Sukses'),
('TR240201124', 'BK240201124', '2024-03-01', 100000, 'Pembayaran Langsung', 'Laporan', 1718533175, 'Sukses'),
('TR240201125', 'BK240201125', '2024-03-01', 100000, 'Pembayaran Langsung', 'Laporan', 1718533175, 'Sukses'),
('TR240201126', 'BK240201126', '2024-03-01', 120000, 'Pembayaran Langsung', 'Laporan', 1718533175, 'Sukses'),
('TR240201127', 'BK240201127', '2024-03-01', 120000, 'Pembayaran Langsung', 'Laporan', 1718533175, 'Sukses'),
('TR240201128', 'BK240201128', '2024-03-01', 120000, 'Pembayaran Langsung', 'Laporan', 1718533175, 'Sukses'),
('TR240201129', 'BK240201129', '2024-03-01', 120000, 'Pembayaran Langsung', 'Laporan', 1718533175, 'Sukses'),
('TR240201130', 'BK240201130', '2024-03-01', 120000, 'Pembayaran Langsung', 'Laporan', 1718533175, 'Sukses'),
('TR240201131', 'BK240201131', '2024-03-02', 100000, 'Pembayaran Langsung', 'Laporan', 1718533175, 'Sukses'),
('TR240201132', 'BK240201132', '2024-03-02', 100000, 'Pembayaran Langsung', 'Laporan', 1718533175, 'Sukses'),
('TR240201133', 'BK240201133', '2024-03-02', 100000, 'Pembayaran Langsung', 'Laporan', 1718533175, 'Sukses'),
('TR240201134', 'BK240201134', '2024-03-02', 100000, 'Pembayaran Langsung', 'Laporan', 1718533175, 'Sukses'),
('TR240201135', 'BK240201135', '2024-03-02', 100000, 'Pembayaran Langsung', 'Laporan', 1718533175, 'Sukses'),
('TR240201136', 'BK240201136', '2024-03-02', 120000, 'Pembayaran Langsung', 'Laporan', 1718533175, 'Sukses'),
('TR240201137', 'BK240201137', '2024-03-02', 120000, 'Pembayaran Langsung', 'Laporan', 1718533175, 'Sukses'),
('TR240201138', 'BK240201138', '2024-03-02', 120000, 'Pembayaran Langsung', 'Laporan', 1718533175, 'Sukses'),
('TR240201139', 'BK240201139', '2024-03-02', 120000, 'Pembayaran Langsung', 'Laporan', 1718533175, 'Sukses'),
('TR240201140', 'BK240201140', '2024-03-02', 120000, 'Pembayaran Langsung', 'Laporan', 1718533175, 'Sukses'),
('TR240201141', 'BK240201141', '2024-03-03', 100000, 'Pembayaran Langsung', 'Laporan', 1718533175, 'Sukses'),
('TR240201142', 'BK240201142', '2024-03-03', 100000, 'Pembayaran Langsung', 'Laporan', 1718533175, 'Sukses'),
('TR240201143', 'BK240201143', '2024-03-03', 100000, 'Pembayaran Langsung', 'Laporan', 1718533175, 'Sukses'),
('TR240201144', 'BK240201144', '2024-03-03', 100000, 'Pembayaran Langsung', 'Laporan', 1718533175, 'Sukses'),
('TR240201145', 'BK240201145', '2024-03-03', 100000, 'Pembayaran Langsung', 'Laporan', 1718533175, 'Sukses'),
('TR240201146', 'BK240201146', '2024-03-03', 120000, 'Pembayaran Langsung', 'Laporan', 1718533175, 'Sukses'),
('TR240201147', 'BK240201147', '2024-03-03', 120000, 'Pembayaran Langsung', 'Laporan', 1718533175, 'Sukses'),
('TR240201148', 'BK240201148', '2024-03-03', 120000, 'Pembayaran Langsung', 'Laporan', 1718533175, 'Sukses'),
('TR240201149', 'BK240201149', '2024-03-03', 120000, 'Pembayaran Langsung', 'Laporan', 1718533175, 'Sukses'),
('TR240201150', 'BK240201150', '2024-03-03', 120000, 'Pembayaran Langsung', 'Laporan', 1718533175, 'Sukses'),
('TR240201151', 'BK240201151', '2024-03-04', 100000, 'Pembayaran Langsung', 'Laporan', 1718533175, 'Sukses'),
('TR240201152', 'BK240201152', '2024-03-04', 100000, 'Pembayaran Langsung', 'Laporan', 1718533175, 'Sukses'),
('TR240201153', 'BK240201153', '2024-03-04', 100000, 'Pembayaran Langsung', 'Laporan', 1718533175, 'Sukses'),
('TR240201154', 'BK240201154', '2024-03-04', 100000, 'Pembayaran Langsung', 'Laporan', 1718533175, 'Sukses'),
('TR240201155', 'BK240201155', '2024-03-04', 100000, 'Pembayaran Langsung', 'Laporan', 1718533175, 'Sukses'),
('TR240201156', 'BK240201156', '2024-03-04', 120000, 'Pembayaran Langsung', 'Laporan', 1718533175, 'Sukses'),
('TR240201157', 'BK240201157', '2024-03-04', 120000, 'Pembayaran Langsung', 'Laporan', 1718533175, 'Sukses'),
('TR240201158', 'BK240201158', '2024-03-04', 120000, 'Pembayaran Langsung', 'Laporan', 1718533175, 'Sukses'),
('TR240201159', 'BK240201159', '2024-03-04', 120000, 'Pembayaran Langsung', 'Laporan', 1718533175, 'Sukses'),
('TR240201160', 'BK240201160', '2024-03-04', 120000, 'Pembayaran Langsung', 'Laporan', 1718533175, 'Sukses'),
('TR240201161', 'BK240201161', '2024-03-05', 100000, 'Pembayaran Langsung', 'Laporan', 1718533175, 'Sukses'),
('TR240201162', 'BK240201162', '2024-03-05', 100000, 'Pembayaran Langsung', 'Laporan', 1718533175, 'Sukses'),
('TR240201163', 'BK240201163', '2024-03-05', 100000, 'Pembayaran Langsung', 'Laporan', 1718533175, 'Sukses'),
('TR240201164', 'BK240201164', '2024-03-05', 100000, 'Pembayaran Langsung', 'Laporan', 1718533175, 'Sukses'),
('TR240201165', 'BK240201165', '2024-03-05', 100000, 'Pembayaran Langsung', 'Laporan', 1718533175, 'Sukses'),
('TR240201166', 'BK240201166', '2024-03-05', 120000, 'Pembayaran Langsung', 'Laporan', 1718533175, 'Sukses'),
('TR240201167', 'BK240201167', '2024-03-05', 120000, 'Pembayaran Langsung', 'Laporan', 1718533175, 'Sukses'),
('TR240201168', 'BK240201168', '2024-03-05', 120000, 'Pembayaran Langsung', 'Laporan', 1718533175, 'Sukses'),
('TR240201169', 'BK240201169', '2024-03-05', 120000, 'Pembayaran Langsung', 'Laporan', 1718533175, 'Sukses'),
('TR240201170', 'BK240201170', '2024-03-05', 120000, 'Pembayaran Langsung', 'Laporan', 1718533175, 'Sukses'),
('TR240201171', 'BK240201171', '2024-04-01', 100000, 'Pembayaran Langsung', 'Laporan', 1718533175, 'Sukses'),
('TR240201172', 'BK240201172', '2024-04-01', 100000, 'Pembayaran Langsung', 'Laporan', 1718533175, 'Sukses'),
('TR240201173', 'BK240201173', '2024-04-01', 100000, 'Pembayaran Langsung', 'Laporan', 1718533175, 'Sukses'),
('TR240201174', 'BK240201174', '2024-04-01', 100000, 'Pembayaran Langsung', 'Laporan', 1718533175, 'Sukses'),
('TR240201175', 'BK240201175', '2024-04-01', 100000, 'Pembayaran Langsung', 'Laporan', 1718533175, 'Sukses'),
('TR240201176', 'BK240201176', '2024-04-01', 120000, 'Pembayaran Langsung', 'Laporan', 1718533175, 'Sukses'),
('TR240201177', 'BK240201177', '2024-04-01', 120000, 'Pembayaran Langsung', 'Laporan', 1718533175, 'Sukses'),
('TR240201178', 'BK240201178', '2024-04-01', 120000, 'Pembayaran Langsung', 'Laporan', 1718533175, 'Sukses'),
('TR240201179', 'BK240201179', '2024-04-01', 120000, 'Pembayaran Langsung', 'Laporan', 1718533175, 'Sukses'),
('TR240201180', 'BK240201180', '2024-04-01', 120000, 'Pembayaran Langsung', 'Laporan', 1718533175, 'Sukses'),
('TR240201181', 'BK240201181', '2024-04-02', 100000, 'Pembayaran Langsung', 'Laporan', 1718533175, 'Sukses'),
('TR240201182', 'BK240201182', '2024-04-02', 100000, 'Pembayaran Langsung', 'Laporan', 1718533175, 'Sukses'),
('TR240201183', 'BK240201183', '2024-04-02', 100000, 'Pembayaran Langsung', 'Laporan', 1718533175, 'Sukses'),
('TR240201184', 'BK240201184', '2024-04-02', 100000, 'Pembayaran Langsung', 'Laporan', 1718533175, 'Sukses'),
('TR240201185', 'BK240201185', '2024-04-02', 100000, 'Pembayaran Langsung', 'Laporan', 1718533175, 'Sukses'),
('TR240201186', 'BK240201186', '2024-04-02', 120000, 'Pembayaran Langsung', 'Laporan', 1718533175, 'Sukses'),
('TR240201187', 'BK240201187', '2024-04-02', 120000, 'Pembayaran Langsung', 'Laporan', 1718533175, 'Sukses'),
('TR240201188', 'BK240201188', '2024-04-02', 120000, 'Pembayaran Langsung', 'Laporan', 1718533175, 'Sukses'),
('TR240201189', 'BK240201189', '2024-04-02', 120000, 'Pembayaran Langsung', 'Laporan', 1718533175, 'Sukses'),
('TR240201190', 'BK240201190', '2024-04-02', 120000, 'Pembayaran Langsung', 'Laporan', 1718533175, 'Sukses'),
('TR240201191', 'BK240201191', '2024-04-03', 100000, 'Pembayaran Langsung', 'Laporan', 1718533175, 'Sukses'),
('TR240201192', 'BK240201192', '2024-04-03', 100000, 'Pembayaran Langsung', 'Laporan', 1718533175, 'Sukses'),
('TR240201193', 'BK240201193', '2024-04-03', 100000, 'Pembayaran Langsung', 'Laporan', 1718533175, 'Sukses'),
('TR240201194', 'BK240201194', '2024-04-03', 100000, 'Pembayaran Langsung', 'Laporan', 1718533175, 'Sukses'),
('TR240201195', 'BK240201195', '2024-04-03', 100000, 'Pembayaran Langsung', 'Laporan', 1718533175, 'Sukses'),
('TR240201196', 'BK240201196', '2024-04-03', 120000, 'Pembayaran Langsung', 'Laporan', 1718533175, 'Sukses'),
('TR240201197', 'BK240201197', '2024-04-03', 120000, 'Pembayaran Langsung', 'Laporan', 1718533175, 'Sukses'),
('TR240201198', 'BK240201198', '2024-04-03', 120000, 'Pembayaran Langsung', 'Laporan', 1718533175, 'Sukses'),
('TR240201199', 'BK240201199', '2024-04-03', 120000, 'Pembayaran Langsung', 'Laporan', 1718533175, 'Sukses'),
('TR240201200', 'BK240201200', '2024-04-03', 120000, 'Pembayaran Langsung', 'Laporan', 1718533175, 'Sukses'),
('TR240201201', 'BK240201201', '2024-05-01', 100000, 'Pembayaran Langsung', 'Laporan', 1718533175, 'Sukses'),
('TR240201202', 'BK240201202', '2024-05-01', 100000, 'Pembayaran Langsung', 'Laporan', 1718533175, 'Sukses'),
('TR240201203', 'BK240201203', '2024-05-01', 100000, 'Pembayaran Langsung', 'Laporan', 1718533175, 'Sukses'),
('TR240201204', 'BK240201204', '2024-05-01', 100000, 'Pembayaran Langsung', 'Laporan', 1718533175, 'Sukses'),
('TR240201205', 'BK240201205', '2024-05-01', 100000, 'Pembayaran Langsung', 'Laporan', 1718533175, 'Sukses'),
('TR240201206', 'BK240201206', '2024-05-01', 120000, 'Pembayaran Langsung', 'Laporan', 1718533175, 'Sukses'),
('TR240201207', 'BK240201207', '2024-05-01', 120000, 'Pembayaran Langsung', 'Laporan', 1718533175, 'Sukses'),
('TR240201208', 'BK240201208', '2024-05-01', 120000, 'Pembayaran Langsung', 'Laporan', 1718533175, 'Sukses'),
('TR240201209', 'BK240201209', '2024-05-01', 120000, 'Pembayaran Langsung', 'Laporan', 1718533175, 'Sukses'),
('TR240201210', 'BK240201210', '2024-05-02', 100000, 'Pembayaran Langsung', 'Laporan', 1718533175, 'Sukses'),
('TR240201211', 'BK240201211', '2024-05-02', 100000, 'Pembayaran Langsung', 'Laporan', 1718533175, 'Sukses'),
('TR240201212', 'BK240201212', '2024-05-02', 100000, 'Pembayaran Langsung', 'Laporan', 1718533175, 'Sukses'),
('TR240201213', 'BK240201213', '2024-05-02', 100000, 'Pembayaran Langsung', 'Laporan', 1718533175, 'Sukses'),
('TR240201214', 'BK240201214', '2024-05-02', 100000, 'Pembayaran Langsung', 'Laporan', 1718533175, 'Sukses'),
('TR240201215', 'BK240201215', '2024-05-02', 100000, 'Pembayaran Langsung', 'Laporan', 1718533175, 'Sukses'),
('TR240201216', 'BK240201216', '2024-05-02', 120000, 'Pembayaran Langsung', 'Laporan', 1718533175, 'Sukses'),
('TR240201217', 'BK240201217', '2024-05-02', 120000, 'Pembayaran Langsung', 'Laporan', 1718533175, 'Sukses'),
('TR240201218', 'BK240201218', '2024-05-02', 120000, 'Pembayaran Langsung', 'Laporan', 1718533175, 'Sukses'),
('TR240201219', 'BK240201219', '2024-05-02', 120000, 'Pembayaran Langsung', 'Laporan', 1718533175, 'Sukses'),
('TR240201220', 'BK240201220', '2024-05-02', 120000, 'Pembayaran Langsung', 'Laporan', 1718533175, 'Sukses'),
('TR240201221', 'BK240201221', '2024-05-03', 100000, 'Pembayaran Langsung', 'Laporan', 1718533175, 'Sukses'),
('TR240201222', 'BK240201222', '2024-05-03', 100000, 'Pembayaran Langsung', 'Laporan', 1718533175, 'Sukses'),
('TR240201223', 'BK240201223', '2024-05-03', 100000, 'Pembayaran Langsung', 'Laporan', 1718533175, 'Sukses'),
('TR240201224', 'BK240201224', '2024-05-03', 100000, 'Pembayaran Langsung', 'Laporan', 1718533175, 'Sukses'),
('TR240201225', 'BK240201225', '2024-05-03', 100000, 'Pembayaran Langsung', 'Laporan', 1718533175, 'Sukses'),
('TR240201226', 'BK240201226', '2024-05-03', 120000, 'Pembayaran Langsung', 'Laporan', 1718533175, 'Sukses'),
('TR240201227', 'BK240201227', '2024-05-03', 120000, 'Pembayaran Langsung', 'Laporan', 1718533175, 'Sukses'),
('TR240201228', 'BK240201228', '2024-05-03', 120000, 'Pembayaran Langsung', 'Laporan', 1718533175, 'Sukses'),
('TR240201229', 'BK240201229', '2024-05-03', 120000, 'Pembayaran Langsung', 'Laporan', 1718533175, 'Sukses'),
('TR240201230', 'BK240201230', '2024-05-03', 120000, 'Pembayaran Langsung', 'Laporan', 1718533175, 'Sukses'),
('TR240201231', 'BK240201231', '2024-05-04', 100000, 'Pembayaran Langsung', 'Laporan', 1718533175, 'Sukses'),
('TR240201232', 'BK240201232', '2024-05-04', 100000, 'Pembayaran Langsung', 'Laporan', 1718533175, 'Sukses'),
('TR240201233', 'BK240201233', '2024-05-04', 100000, 'Pembayaran Langsung', 'Laporan', 1718533175, 'Sukses'),
('TR240201234', 'BK240201234', '2024-05-04', 100000, 'Pembayaran Langsung', 'Laporan', 1718533175, 'Sukses'),
('TR240201235', 'BK240201235', '2024-05-04', 100000, 'Pembayaran Langsung', 'Laporan', 1718533175, 'Sukses'),
('TR240201236', 'BK240201236', '2024-05-04', 120000, 'Pembayaran Langsung', 'Laporan', 1718533175, 'Sukses'),
('TR240201237', 'BK240201237', '2024-05-04', 120000, 'Pembayaran Langsung', 'Laporan', 1718533175, 'Sukses'),
('TR240201238', 'BK240201238', '2024-05-04', 120000, 'Pembayaran Langsung', 'Laporan', 1718533175, 'Sukses'),
('TR240201239', 'BK240201239', '2024-05-04', 120000, 'Pembayaran Langsung', 'Laporan', 1718533175, 'Sukses'),
('TR240201240', 'BK240201240', '2024-05-04', 120000, 'Pembayaran Langsung', 'Laporan', 1718533175, 'Sukses'),
('TR240201241', 'BK240201241', '2024-05-05', 100000, 'Pembayaran Langsung', 'Laporan', 1718533175, 'Sukses'),
('TR240201242', 'BK240201242', '2024-05-05', 100000, 'Pembayaran Langsung', 'Laporan', 1718533175, 'Sukses'),
('TR240201243', 'BK240201243', '2024-05-05', 100000, 'Pembayaran Langsung', 'Laporan', 1718533175, 'Sukses'),
('TR240201244', 'BK240201244', '2024-05-05', 100000, 'Pembayaran Langsung', 'Laporan', 1718533175, 'Sukses'),
('TR240201245', 'BK240201245', '2024-05-05', 100000, 'Pembayaran Langsung', 'Laporan', 1718533175, 'Sukses'),
('TR240201246', 'BK240201246', '2024-05-05', 120000, 'Pembayaran Langsung', 'Laporan', 1718533175, 'Sukses'),
('TR240201247', 'BK240201247', '2024-05-05', 120000, 'Pembayaran Langsung', 'Laporan', 1718533175, 'Sukses'),
('TR240201248', 'BK240201248', '2024-05-05', 120000, 'Pembayaran Langsung', 'Laporan', 1718533175, 'Sukses'),
('TR240201249', 'BK240201249', '2024-05-05', 120000, 'Pembayaran Langsung', 'Laporan', 1718533175, 'Sukses'),
('TR240201250', 'BK240201250', '2024-05-05', 120000, 'Pembayaran Langsung', 'Laporan', 1718533175, 'Sukses'),
('TR240201251', 'BK240201251', '2024-06-01', 100000, 'Pembayaran Langsung', 'Belum', 1718533175, 'Sukses'),
('TR240201252', 'BK240201252', '2024-06-01', 100000, 'Pembayaran Langsung', 'Belum', 1718533175, 'Sukses'),
('TR240201253', 'BK240201253', '2024-06-01', 100000, 'Pembayaran Langsung', 'Belum', 1718533175, 'Sukses'),
('TR240201254', 'BK240201254', '2024-06-01', 100000, 'Pembayaran Langsung', 'Belum', 1718533175, 'Sukses'),
('TR240201255', 'BK240201255', '2024-06-01', 100000, 'Pembayaran Langsung', 'Belum', 1718533175, 'Sukses'),
('TR240201256', 'BK240201256', '2024-06-01', 120000, 'Pembayaran Langsung', 'Belum', 1718533175, 'Sukses'),
('TR240201257', 'BK240201257', '2024-06-01', 120000, 'Pembayaran Langsung', 'Belum', 1718533175, 'Sukses'),
('TR240201258', 'BK240201258', '2024-06-01', 120000, 'Pembayaran Langsung', 'Belum', 1718533175, 'Sukses'),
('TR240201259', 'BK240201259', '2024-06-01', 120000, 'Pembayaran Langsung', 'Belum', 1718533175, 'Sukses'),
('TR240201260', 'BK240201260', '2024-06-01', 120000, 'Pembayaran Langsung', 'Belum', 1718533175, 'Sukses'),
('TR240201261', 'BK240201261', '2024-06-02', 100000, 'Pembayaran Langsung', 'Belum', 1718533175, 'Sukses'),
('TR240201262', 'BK240201262', '2024-06-02', 100000, 'Pembayaran Langsung', 'Belum', 1718533175, 'Sukses'),
('TR240201263', 'BK240201263', '2024-06-02', 100000, 'Pembayaran Langsung', 'Belum', 1718533175, 'Sukses'),
('TR240201264', 'BK240201264', '2024-06-02', 100000, 'Pembayaran Langsung', 'Belum', 1718533175, 'Sukses'),
('TR240201265', 'BK240201265', '2024-06-02', 100000, 'Pembayaran Langsung', 'Belum', 1718533175, 'Sukses'),
('TR240201266', 'BK240201266', '2024-06-02', 120000, 'Pembayaran Langsung', 'Belum', 1718533175, 'Sukses'),
('TR240201267', 'BK240201267', '2024-06-02', 120000, 'Pembayaran Langsung', 'Belum', 1718533175, 'Sukses'),
('TR240201268', 'BK240201268', '2024-06-02', 120000, 'Pembayaran Langsung', 'Belum', 1718533175, 'Sukses'),
('TR240201269', 'BK240201269', '2024-06-02', 120000, 'Pembayaran Langsung', 'Belum', 1718533175, 'Sukses'),
('TR240201270', 'BK240201270', '2024-06-02', 120000, 'Pembayaran Langsung', 'Belum', 1718533175, 'Sukses'),
('TR240201271', 'BK240201271', '2024-06-03', 100000, 'Pembayaran Langsung', 'Belum', 1718533175, 'Sukses'),
('TR240201272', 'BK240201272', '2024-06-03', 100000, 'Pembayaran Langsung', 'Belum', 1718533175, 'Sukses'),
('TR240201273', 'BK240201273', '2024-06-03', 100000, 'Pembayaran Langsung', 'Belum', 1718533175, 'Sukses'),
('TR240201274', 'BK240201274', '2024-06-03', 100000, 'Pembayaran Langsung', 'Belum', 1718533175, 'Sukses'),
('TR240201275', 'BK240201275', '2024-06-03', 100000, 'Pembayaran Langsung', 'Belum', 1718533175, 'Sukses'),
('TR240201276', 'BK240201276', '2024-06-03', 120000, 'Pembayaran Langsung', 'Belum', 1718533175, 'Sukses'),
('TR240201277', 'BK240201277', '2024-06-03', 120000, 'Pembayaran Langsung', 'Belum', 1718533175, 'Sukses'),
('TR240201278', 'BK240201278', '2024-06-03', 120000, 'Pembayaran Langsung', 'Belum', 1718533175, 'Sukses'),
('TR240201279', 'BK240201279', '2024-06-03', 120000, 'Pembayaran Langsung', 'Belum', 1718533175, 'Sukses'),
('TR240201280', 'BK240201280', '2024-06-03', 120000, 'Pembayaran Langsung', 'Belum', 1718533175, 'Sukses'),
('TR240201281', 'BK240201281', '2024-06-04', 100000, 'Pembayaran Langsung', 'Belum', 1718533175, 'Sukses'),
('TR240201282', 'BK240201282', '2024-06-04', 100000, 'Pembayaran Langsung', 'Belum', 1718533175, 'Sukses'),
('TR240201283', 'BK240201283', '2024-06-04', 100000, 'Pembayaran Langsung', 'Belum', 1718533175, 'Sukses'),
('TR240201284', 'BK240201284', '2024-06-04', 100000, 'Pembayaran Langsung', 'Belum', 1718533175, 'Sukses'),
('TR240201285', 'BK240201285', '2024-06-04', 100000, 'Pembayaran Langsung', 'Belum', 1718533175, 'Sukses'),
('TR240201286', 'BK240201286', '2024-06-04', 120000, 'Pembayaran Langsung', 'Belum', 1718533175, 'Sukses'),
('TR240201287', 'BK240201287', '2024-06-04', 120000, 'Pembayaran Langsung', 'Belum', 1718533175, 'Sukses'),
('TR240201288', 'BK240201288', '2024-06-04', 120000, 'Pembayaran Langsung', 'Belum', 1718533175, 'Sukses'),
('TR240201289', 'BK240201289', '2024-06-04', 120000, 'Pembayaran Langsung', 'Belum', 1718533175, 'Sukses'),
('TR240201290', 'BK240201290', '2024-06-04', 120000, 'Pembayaran Langsung', 'Belum', 1718533175, 'Sukses'),
('TR240201291', 'BK240201291', '2024-06-05', 100000, 'Pembayaran Langsung', 'Belum', 1718533175, 'Sukses'),
('TR240201292', 'BK240201292', '2024-06-05', 100000, 'Pembayaran Langsung', 'Belum', 1718533175, 'Sukses'),
('TR240201293', 'BK240201293', '2024-06-05', 100000, 'Pembayaran Langsung', 'Belum', 1718533175, 'Sukses'),
('TR240201294', 'BK240201294', '2024-06-05', 100000, 'Pembayaran Langsung', 'Belum', 1718533175, 'Sukses'),
('TR240201295', 'BK240201295', '2024-06-05', 100000, 'Pembayaran Langsung', 'Belum', 1718533175, 'Sukses'),
('TR240201296', 'BK240201296', '2024-06-05', 120000, 'Pembayaran Langsung', 'Belum', 1718533175, 'Sukses'),
('TR240201297', 'BK240201297', '2024-06-05', 120000, 'Pembayaran Langsung', 'Belum', 1718533175, 'Sukses'),
('TR240201298', 'BK240201298', '2024-06-05', 120000, 'Pembayaran Langsung', 'Belum', 1718533175, 'Sukses'),
('TR240201299', 'BK240201299', '2024-06-05', 120000, 'Pembayaran Langsung', 'Belum', 1718533175, 'Sukses'),
('TR240201300', 'BK240201300', '2024-06-05', 120000, 'Pembayaran Langsung', 'Belum', 1718533175, 'Sukses'),
('TR240201301', 'BK240201301', '2024-06-06', 100000, 'Pembayaran Langsung', 'Belum', 1718533175, 'Sukses'),
('TR240201302', 'BK240201302', '2024-06-06', 100000, 'Pembayaran Langsung', 'Belum', 1718533175, 'Sukses'),
('TR240201303', 'BK240201303', '2024-06-06', 100000, 'Pembayaran Langsung', 'Belum', 1718533175, 'Sukses'),
('TR240201304', 'BK240201304', '2024-06-06', 100000, 'Pembayaran Langsung', 'Belum', 1718533175, 'Sukses'),
('TR240201305', 'BK240201305', '2024-06-06', 100000, 'Pembayaran Langsung', 'Belum', 1718533175, 'Sukses'),
('TR240201306', 'BK240201306', '2024-06-06', 120000, 'Pembayaran Langsung', 'Belum', 1718533175, 'Sukses'),
('TR240201307', 'BK240201307', '2024-06-06', 120000, 'Pembayaran Langsung', 'Belum', 1718533175, 'Sukses'),
('TR240201308', 'BK240201308', '2024-06-06', 120000, 'Pembayaran Langsung', 'Belum', 1718533175, 'Sukses'),
('TR240201309', 'BK240201309', '2024-06-06', 120000, 'Pembayaran Langsung', 'Belum', 1718533175, 'Sukses'),
('TR240201310', 'BK240201310', '2024-06-06', 120000, 'Pembayaran Langsung', 'Belum', 1718533175, 'Sukses'),
('TR240201311', 'BK240201311', '2024-06-07', 100000, 'Pembayaran Langsung', 'Belum', 1718533175, 'Sukses'),
('TR240201312', 'BK240201312', '2024-06-07', 100000, 'Pembayaran Langsung', 'Belum', 1718533175, 'Sukses'),
('TR240201313', 'BK240201313', '2024-06-07', 100000, 'Pembayaran Langsung', 'Belum', 1718533175, 'Sukses'),
('TR240201314', 'BK240201314', '2024-06-07', 100000, 'Pembayaran Langsung', 'Belum', 1718533175, 'Sukses'),
('TR240201315', 'BK240201315', '2024-06-07', 100000, 'Pembayaran Langsung', 'Belum', 1718533175, 'Sukses'),
('TR240201316', 'BK240201316', '2024-06-07', 120000, 'Pembayaran Langsung', 'Belum', 1718533175, 'Sukses'),
('TR240201317', 'BK240201317', '2024-06-07', 120000, 'Pembayaran Langsung', 'Belum', 1718533175, 'Sukses'),
('TR240201318', 'BK240201318', '2024-06-07', 120000, 'Pembayaran Langsung', 'Belum', 1718533175, 'Sukses'),
('TR240201319', 'BK240201319', '2024-06-07', 120000, 'Pembayaran Langsung', 'Belum', 1718533175, 'Sukses'),
('TR240201320', 'BK240201320', '2024-06-07', 120000, 'Pembayaran Langsung', 'Belum', 1718533175, 'Sukses'),
('TR240201321', 'BK240201321', '2024-06-08', 100000, 'Pembayaran Langsung', 'Belum', 1718533175, 'Sukses'),
('TR240201322', 'BK240201322', '2024-06-08', 100000, 'Pembayaran Langsung', 'Belum', 1718533175, 'Sukses'),
('TR240201323', 'BK240201323', '2024-06-08', 100000, 'Pembayaran Langsung', 'Belum', 1718533175, 'Sukses'),
('TR240201324', 'BK240201324', '2024-06-08', 100000, 'Pembayaran Langsung', 'Belum', 1718533175, 'Sukses'),
('TR240201325', 'BK240201325', '2024-06-08', 100000, 'Pembayaran Langsung', 'Belum', 1718533175, 'Sukses'),
('TR240201326', 'BK240201326', '2024-06-08', 120000, 'Pembayaran Langsung', 'Belum', 1718533175, 'Sukses'),
('TR240201327', 'BK240201327', '2024-06-08', 120000, 'Pembayaran Langsung', 'Belum', 1718533175, 'Sukses'),
('TR240201328', 'BK240201328', '2024-06-08', 120000, 'Pembayaran Langsung', 'Belum', 1718533175, 'Sukses'),
('TR240201329', 'BK240201329', '2024-06-08', 120000, 'Pembayaran Langsung', 'Belum', 1718533175, 'Sukses'),
('TR240201330', 'BK240201330', '2024-06-08', 120000, 'Pembayaran Langsung', 'Belum', 1718533175, 'Sukses'),
('TR240201331', 'BK240201331', '2024-06-09', 100000, 'Pembayaran Langsung', 'Belum', 1718533175, 'Sukses'),
('TR240201332', 'BK240201332', '2024-06-09', 100000, 'Pembayaran Langsung', 'Belum', 1718533175, 'Sukses'),
('TR240201333', 'BK240201333', '2024-06-09', 100000, 'Pembayaran Langsung', 'Belum', 1718533175, 'Sukses'),
('TR240201334', 'BK240201334', '2024-06-09', 100000, 'Pembayaran Langsung', 'Belum', 1718533175, 'Sukses'),
('TR240201335', 'BK240201335', '2024-06-09', 100000, 'Pembayaran Langsung', 'Belum', 1718533175, 'Sukses'),
('TR240201336', 'BK240201336', '2024-06-09', 120000, 'Pembayaran Langsung', 'Belum', 1718533175, 'Sukses'),
('TR240201337', 'BK240201337', '2024-06-09', 120000, 'Pembayaran Langsung', 'Belum', 1718533175, 'Sukses'),
('TR240201338', 'BK240201338', '2024-06-09', 120000, 'Pembayaran Langsung', 'Belum', 1718533175, 'Sukses'),
('TR240201339', 'BK240201339', '2024-06-09', 120000, 'Pembayaran Langsung', 'Belum', 1718533175, 'Sukses'),
('TR240201340', 'BK240201340', '2024-06-09', 120000, 'Pembayaran Langsung', 'Belum', 1718533175, 'Sukses'),
('TR240201341', 'BK240201341', '2024-06-10', 100000, 'Pembayaran Langsung', 'Belum', 1718533175, 'Sukses'),
('TR240201342', 'BK240201342', '2024-06-10', 100000, 'Pembayaran Langsung', 'Belum', 1718533175, 'Sukses'),
('TR240201343', 'BK240201343', '2024-06-10', 100000, 'Pembayaran Langsung', 'Belum', 1718533175, 'Sukses'),
('TR240201344', 'BK240201344', '2024-06-10', 100000, 'Pembayaran Langsung', 'Belum', 1718533175, 'Sukses'),
('TR240201345', 'BK240201345', '2024-06-10', 100000, 'Pembayaran Langsung', 'Belum', 1718533175, 'Sukses'),
('TR240201346', 'BK240201346', '2024-06-10', 120000, 'Pembayaran Langsung', 'Belum', 1718533175, 'Sukses'),
('TR240201347', 'BK240201347', '2024-06-10', 120000, 'Pembayaran Langsung', 'Belum', 1718533175, 'Sukses'),
('TR240201348', 'BK240201348', '2024-06-10', 120000, 'Pembayaran Langsung', 'Belum', 1718533175, 'Sukses'),
('TR240201349', 'BK240201349', '2024-06-10', 120000, 'Pembayaran Langsung', 'Belum', 1718533175, 'Sukses'),
('TR240201350', 'BK240201350', '2024-06-10', 120000, 'Pembayaran Langsung', 'Belum', 1718533175, 'Sukses'),
('TR240201351', 'BK240201351', '2024-06-11', 100000, 'Pembayaran Langsung', 'Belum', 1718533175, 'Sukses'),
('TR240201352', 'BK240201352', '2024-06-11', 100000, 'Pembayaran Langsung', 'Belum', 1718533175, 'Sukses'),
('TR240201353', 'BK240201353', '2024-06-11', 100000, 'Pembayaran Langsung', 'Belum', 1718533175, 'Sukses'),
('TR240201354', 'BK240201354', '2024-06-11', 100000, 'Pembayaran Langsung', 'Belum', 1718533175, 'Sukses'),
('TR240201355', 'BK240201355', '2024-06-11', 100000, 'Pembayaran Langsung', 'Belum', 1718533175, 'Sukses'),
('TR240201356', 'BK240201356', '2024-06-11', 120000, 'Pembayaran Langsung', 'Belum', 1718533175, 'Sukses'),
('TR240201357', 'BK240201357', '2024-06-11', 120000, 'Pembayaran Langsung', 'Belum', 1718533175, 'Sukses'),
('TR240201358', 'BK240201358', '2024-06-11', 120000, 'Pembayaran Langsung', 'Belum', 1718533175, 'Sukses'),
('TR240201359', 'BK240201359', '2024-06-11', 120000, 'Pembayaran Langsung', 'Belum', 1718533175, 'Sukses'),
('TR240201360', 'BK240201360', '2024-06-11', 120000, 'Pembayaran Langsung', 'Belum', 1718533175, 'Sukses'),
('TR240201361', 'BK240201361', '2024-06-12', 100000, 'Pembayaran Langsung', 'Belum', 1718533175, 'Sukses'),
('TR240201362', 'BK240201362', '2024-06-12', 100000, 'Pembayaran Langsung', 'Belum', 1718533175, 'Sukses'),
('TR240201363', 'BK240201363', '2024-06-12', 100000, 'Pembayaran Langsung', 'Belum', 1718533175, 'Sukses'),
('TR240201364', 'BK240201364', '2024-06-12', 100000, 'Pembayaran Langsung', 'Belum', 1718533175, 'Sukses'),
('TR240201365', 'BK240201365', '2024-06-12', 100000, 'Pembayaran Langsung', 'Belum', 1718533175, 'Sukses'),
('TR240201366', 'BK240201366', '2024-06-12', 120000, 'Pembayaran Langsung', 'Belum', 1718533175, 'Sukses'),
('TR240201367', 'BK240201367', '2024-06-12', 120000, 'Pembayaran Langsung', 'Belum', 1718533175, 'Sukses'),
('TR240201368', 'BK240201368', '2024-06-12', 120000, 'Pembayaran Langsung', 'Belum', 1718533175, 'Sukses'),
('TR240201369', 'BK240201369', '2024-06-12', 120000, 'Pembayaran Langsung', 'Belum', 1718533175, 'Sukses'),
('TR240201370', 'BK240201370', '2024-06-12', 120000, 'Pembayaran Langsung', 'Belum', 1718533175, 'Sukses'),
('TR240201371', 'BK240201371', '2024-06-13', 100000, 'Pembayaran Langsung', 'Belum', 1718533175, 'Sukses'),
('TR240201372', 'BK240201372', '2024-06-13', 100000, 'Pembayaran Langsung', 'Belum', 1718533175, 'Sukses'),
('TR240201373', 'BK240201373', '2024-06-13', 100000, 'Pembayaran Langsung', 'Belum', 1718533175, 'Sukses'),
('TR240201374', 'BK240201374', '2024-06-13', 100000, 'Pembayaran Langsung', 'Belum', 1718533175, 'Sukses'),
('TR240201375', 'BK240201375', '2024-06-13', 100000, 'Pembayaran Langsung', 'Belum', 1718533175, 'Sukses'),
('TR240201376', 'BK240201376', '2024-06-13', 120000, 'Pembayaran Langsung', 'Belum', 1718533175, 'Sukses'),
('TR240201377', 'BK240201377', '2024-06-13', 120000, 'Pembayaran Langsung', 'Belum', 1718533175, 'Sukses'),
('TR240201378', 'BK240201378', '2024-06-13', 120000, 'Pembayaran Langsung', 'Belum', 1718533175, 'Sukses'),
('TR240201379', 'BK240201379', '2024-06-13', 120000, 'Pembayaran Langsung', 'Belum', 1718533175, 'Sukses'),
('TR240201380', 'BK240201380', '2024-06-13', 120000, 'Pembayaran Langsung', 'Belum', 1718533175, 'Sukses'),
('TR240201381', 'BK240201381', '2024-06-14', 100000, 'Pembayaran Langsung', 'Belum', 1718533175, 'Sukses'),
('TR240201382', 'BK240201382', '2024-06-14', 100000, 'Pembayaran Langsung', 'Belum', 1718533175, 'Sukses'),
('TR240201383', 'BK240201383', '2024-06-14', 100000, 'Pembayaran Langsung', 'Belum', 1718533175, 'Sukses'),
('TR240201384', 'BK240201384', '2024-06-14', 100000, 'Pembayaran Langsung', 'Belum', 1718533175, 'Sukses'),
('TR240201385', 'BK240201385', '2024-06-14', 100000, 'Pembayaran Langsung', 'Belum', 1718533175, 'Sukses'),
('TR240201386', 'BK240201386', '2024-06-14', 120000, 'Pembayaran Langsung', 'Belum', 1718533175, 'Sukses'),
('TR240201387', 'BK240201387', '2024-06-14', 120000, 'Pembayaran Langsung', 'Belum', 1718533175, 'Sukses'),
('TR240201388', 'BK240201388', '2024-06-14', 120000, 'Pembayaran Langsung', 'Belum', 1718533175, 'Sukses'),
('TR240201389', 'BK240201389', '2024-06-14', 120000, 'Pembayaran Langsung', 'Belum', 1718533175, 'Sukses'),
('TR240201390', 'BK240201390', '2024-06-14', 120000, 'Pembayaran Langsung', 'Belum', 1718533175, 'Sukses'),
('TR240201391', 'BK240201391', '2024-06-15', 100000, 'Pembayaran Langsung', 'Belum', 1718533175, 'Sukses'),
('TR240201392', 'BK240201392', '2024-06-15', 100000, 'Pembayaran Langsung', 'Belum', 1718533175, 'Sukses'),
('TR240201393', 'BK240201393', '2024-06-15', 100000, 'Pembayaran Langsung', 'Belum', 1718533175, 'Sukses'),
('TR240201394', 'BK240201394', '2024-06-15', 100000, 'Pembayaran Langsung', 'Belum', 1718533175, 'Sukses'),
('TR240201395', 'BK240201395', '2024-06-15', 100000, 'Pembayaran Langsung', 'Belum', 1718533175, 'Sukses'),
('TR240201396', 'BK240201396', '2024-06-15', 120000, 'Pembayaran Langsung', 'Belum', 1718533175, 'Sukses'),
('TR240201397', 'BK240201397', '2024-06-15', 120000, 'Pembayaran Langsung', 'Belum', 1718533175, 'Sukses'),
('TR240201398', 'BK240201398', '2024-06-15', 120000, 'Pembayaran Langsung', 'Belum', 1718533175, 'Sukses'),
('TR240201399', 'BK240201399', '2024-06-15', 120000, 'Pembayaran Langsung', 'Belum', 1718533175, 'Sukses'),
('TR240201400', 'BK240201400', '2024-06-15', 120000, 'Pembayaran Langsung', 'Belum', 1718533175, 'Sukses'),
('TR240201401', 'BK240201401', '2024-06-16', 100000, 'Pembayaran Langsung', 'Belum', 1718533175, 'Sukses'),
('TR240201402', 'BK240201402', '2024-06-16', 100000, 'Pembayaran Langsung', 'Belum', 1718533175, 'Sukses'),
('TR240201403', 'BK240201403', '2024-06-16', 100000, 'Pembayaran Langsung', 'Belum', 1718533175, 'Sukses'),
('TR240201404', 'BK240201404', '2024-06-16', 100000, 'Pembayaran Langsung', 'Belum', 1718533175, 'Sukses'),
('TR240201405', 'BK240201405', '2024-06-16', 100000, 'Pembayaran Langsung', 'Belum', 1718533175, 'Sukses'),
('TR240201406', 'BK240201406', '2024-06-16', 120000, 'Pembayaran Langsung', 'Belum', 1718533175, 'Sukses'),
('TR240201407', 'BK240201407', '2024-06-16', 120000, 'Pembayaran Langsung', 'Belum', 1718533175, 'Sukses'),
('TR240201408', 'BK240201408', '2024-06-16', 120000, 'Pembayaran Langsung', 'Belum', 1718533175, 'Sukses'),
('TR240201409', 'BK240201409', '2024-06-16', 120000, 'Pembayaran Langsung', 'Belum', 1718533175, 'Sukses'),
('TR240201410', 'BK240201410', '2024-06-16', 120000, 'Pembayaran Langsung', 'Belum', 1718533175, 'Sukses'),
('TR240617411', 'BK240617411', '2024-06-17', 100000, 'Gopay', 'Belum', 1718587804, 'Update'),
('TR240617412', 'BK240617412', '2024-06-29', 100000, 'Mandiri', 'Belum', 1718600155, 'Update');

-- --------------------------------------------------------

--
-- Table structure for table `tutor`
--

CREATE TABLE `tutor` (
  `id` int(11) NOT NULL,
  `tutor` varchar(200) NOT NULL,
  `text` varchar(200) NOT NULL
) ENGINE=InnoDB DEFAULT CHARSET=utf8mb4 COLLATE=utf8mb4_general_ci;

--
-- Dumping data for table `tutor`
--

INSERT INTO `tutor` (`id`, `tutor`, `text`) VALUES
(1, 'Buat Profil Akun-mu di Website BCL Futsal', 'Untuk memudahkan kamu dalam proses pemesanan, pastikan kamu telah mempunyai akun di website BCL Futsal.com'),
(2, 'Pilih Layanan Lapangan Sesuai yang Kamu Inginkan', 'Pilih Layanan yang sesuai dengan preferensi olahragamu. Klik Lapangan yang tersedia untuk melihat jadwal.'),
(3, 'Pilih Tanggal & Waktu Bermain', 'Pilih tanggal & waktu bermain sesuai dengan ketersediaan jadwal di lapangan.'),
(4, 'Pilih Metode Pembayaran Online', 'Pembayaran dilakukan secara full, dengan metode atau pilihan pembayaran online, seperti Bank Transfer & e-Wallet.');

-- --------------------------------------------------------

--
-- Table structure for table `user`
--

CREATE TABLE `user` (
  `id` varchar(100) NOT NULL,
  `name` varchar(128) NOT NULL,
  `email` varchar(128) NOT NULL,
  `image` varchar(128) NOT NULL,
  `password` varchar(256) NOT NULL,
  `roll_id` int(11) NOT NULL,
  `is_active` int(1) NOT NULL,
  `date_created` int(11) NOT NULL
) ENGINE=InnoDB DEFAULT CHARSET=utf8mb4 COLLATE=utf8mb4_general_ci;

--
-- Dumping data for table `user`
--

INSERT INTO `user` (`id`, `name`, `email`, `image`, `password`, `roll_id`, `is_active`, `date_created`) VALUES
('10', 'nopal', 'nopal@gmail.com', 'default.png', '$2y$10$TMcBVLICdJ0bkpvMCNyBqO.2JL9z.CTWNCGxOe1.wZ2iRIM4XoTmW', 3, 1, 1718160254),
('6', 'Naufal Saputra', 'holanakdo@gmail.com', '2.png', '$2y$10$0fBh6oqJ0F0RG7nf7Qpjf.eqTOtk.idFPju4uRPj4ezyFwe3HEi3e', 2, 1, 1711027210),
('7', 'ipan', 'ipan@gmail.com', 'default1.png', '$2y$10$7MVNgN9ahmsIM7XQdWt2TuuEkK29tn5ySIR2.lsf48Kj09AXAppZe', 3, 1, 1711027220),
('8', 'Ronaldo', 'aep@gmail.com', 'default.png', '$2y$10$PLwLvkYu.XkDVM9Ieyl0A.gZgCf8yGIR1j06Ks5hKKT.lnfjkOt6G', 1, 1, 1711027220),
('A0009', 'jaya', 'jaya@gmail.com', 'default.png', '$2y$10$olSl4t8uDtkgaw74INT8ZOKURVMG.obCeoWvJNmziV5S2x.Z9bRRW', 3, 1, 1718550145);

-- --------------------------------------------------------

--
-- Table structure for table `user_access_menu`
--

CREATE TABLE `user_access_menu` (
  `id` int(11) NOT NULL,
  `roll_id` int(11) NOT NULL,
  `menu_id` int(11) NOT NULL
) ENGINE=InnoDB DEFAULT CHARSET=utf8mb4 COLLATE=utf8mb4_general_ci;

--
-- Dumping data for table `user_access_menu`
--

INSERT INTO `user_access_menu` (`id`, `roll_id`, `menu_id`) VALUES
(1, 1, 1),
(2, 2, 2),
(3, 3, 3),
(4, 4, 4);

-- --------------------------------------------------------

--
-- Table structure for table `user_menu`
--

CREATE TABLE `user_menu` (
  `id` int(11) NOT NULL,
  `menu` varchar(128) NOT NULL
) ENGINE=InnoDB DEFAULT CHARSET=utf8mb4 COLLATE=utf8mb4_general_ci;

--
-- Dumping data for table `user_menu`
--

INSERT INTO `user_menu` (`id`, `menu`) VALUES
(1, 'Owner'),
(2, 'Admin'),
(3, 'Member'),
(4, 'Visitor\r\n');

-- --------------------------------------------------------

--
-- Table structure for table `user_role`
--

CREATE TABLE `user_role` (
  `id` int(11) NOT NULL,
  `role` varchar(128) NOT NULL
) ENGINE=InnoDB DEFAULT CHARSET=utf8mb4 COLLATE=utf8mb4_general_ci;

--
-- Dumping data for table `user_role`
--

INSERT INTO `user_role` (`id`, `role`) VALUES
(1, 'Owner'),
(2, 'Admin'),
(3, 'Member'),
(4, 'Visitor');

-- --------------------------------------------------------

--
-- Table structure for table `user_sub_menu`
--

CREATE TABLE `user_sub_menu` (
  `id` int(11) NOT NULL,
  `menu_id` int(11) NOT NULL,
  `title` varchar(128) NOT NULL,
  `url` varchar(128) NOT NULL,
  `icon` varchar(128) NOT NULL,
  `is_active` int(1) NOT NULL
) ENGINE=InnoDB DEFAULT CHARSET=utf8mb4 COLLATE=utf8mb4_general_ci;

--
-- Dumping data for table `user_sub_menu`
--

INSERT INTO `user_sub_menu` (`id`, `menu_id`, `title`, `url`, `icon`, `is_active`) VALUES
(1, 1, 'Dashboard', 'dashboard', 'fas fa-fw fa-chart-pie text-warning', 1),
(2, 1, 'Laporan Harian', 'laporan/laporanHarian', 'fas fa-fw fa-file-invoice text-warning', 1),
(3, 1, 'Laporan Bulanan', 'laporan/laporanBulanan', 'fas fa-fw fa-file-invoice-dollar text-warning', 1),
(4, 2, 'Dashboard', 'dashboard', 'fas fa-fw fa-chart-pie text-warning', 1),
(5, 2, 'Booking', 'booking', 'fas fa-fw fa-calendar-alt text-warning', 1),
(6, 2, 'Transaksi', 'transaksi', 'fas fa-money-bill-wave fa-fw text-warning', 1),
(7, 2, 'Laporan Harian', 'laporan/laporanHarian', 'fas fa-fw fa-file-invoice text-warning', 1),
(8, 2, 'Laporan Bulanan', 'laporan/laporanBulanan', 'fas fa-fw fa-file-invoice-dollar text-warning', 1),
(9, 3, 'Home', 'home', 'fas fa-home', 1),
(10, 3, 'Venue', 'home/venue', 'fas fa-warehouse', 1),
(11, 3, 'My Booking', 'home/myBooking', 'fas fa-calendar-alt', 1),
(13, 4, 'Home', 'home', 'fas fa-home', 1),
(14, 4, 'Venue', 'home/venue', 'fas fa-warehouse', 1),
(15, 4, 'About Us', 'home/aboutUs', 'fas fa-user-tie', 1);

--
-- Indexes for dumped tables
--

--
-- Indexes for table `booking`
--
ALTER TABLE `booking`
  ADD PRIMARY KEY (`id`);

--
-- Indexes for table `comment`
--
ALTER TABLE `comment`
  ADD PRIMARY KEY (`id`);

--
-- Indexes for table `fasilitas`
--
ALTER TABLE `fasilitas`
  ADD PRIMARY KEY (`id`);

--
-- Indexes for table `icon`
--
ALTER TABLE `icon`
  ADD PRIMARY KEY (`id`);

--
-- Indexes for table `jam`
--
ALTER TABLE `jam`
  ADD PRIMARY KEY (`id_jam`);

--
-- Indexes for table `jns_payment`
--
ALTER TABLE `jns_payment`
  ADD PRIMARY KEY (`id`);

--
-- Indexes for table `lapangan`
--
ALTER TABLE `lapangan`
  ADD PRIMARY KEY (`id`);

--
-- Indexes for table `laporan`
--
ALTER TABLE `laporan`
  ADD PRIMARY KEY (`id`);

--
-- Indexes for table `laporan_bulan`
--
ALTER TABLE `laporan_bulan`
  ADD PRIMARY KEY (`id_laporanB`);

--
-- Indexes for table `notif`
--
ALTER TABLE `notif`
  ADD PRIMARY KEY (`id`);

--
-- Indexes for table `pelanggan`
--
ALTER TABLE `pelanggan`
  ADD PRIMARY KEY (`id`);

--
-- Indexes for table `transaksi`
--
ALTER TABLE `transaksi`
  ADD PRIMARY KEY (`nota`);

--
-- Indexes for table `tutor`
--
ALTER TABLE `tutor`
  ADD PRIMARY KEY (`id`);

--
-- Indexes for table `user`
--
ALTER TABLE `user`
  ADD PRIMARY KEY (`id`);

--
-- Indexes for table `user_access_menu`
--
ALTER TABLE `user_access_menu`
  ADD PRIMARY KEY (`id`);

--
-- Indexes for table `user_menu`
--
ALTER TABLE `user_menu`
  ADD PRIMARY KEY (`id`);

--
-- Indexes for table `user_role`
--
ALTER TABLE `user_role`
  ADD PRIMARY KEY (`id`);

--
-- Indexes for table `user_sub_menu`
--
ALTER TABLE `user_sub_menu`
  ADD PRIMARY KEY (`id`);

--
-- AUTO_INCREMENT for dumped tables
--

--
-- AUTO_INCREMENT for table `comment`
--
ALTER TABLE `comment`
  MODIFY `id` int(11) NOT NULL AUTO_INCREMENT, AUTO_INCREMENT=24;

--
-- AUTO_INCREMENT for table `fasilitas`
--
ALTER TABLE `fasilitas`
  MODIFY `id` int(11) NOT NULL AUTO_INCREMENT, AUTO_INCREMENT=9;

--
-- AUTO_INCREMENT for table `icon`
--
ALTER TABLE `icon`
  MODIFY `id` int(11) NOT NULL AUTO_INCREMENT, AUTO_INCREMENT=9;

--
-- AUTO_INCREMENT for table `jam`
--
ALTER TABLE `jam`
  MODIFY `id_jam` int(11) NOT NULL AUTO_INCREMENT, AUTO_INCREMENT=16;

--
-- AUTO_INCREMENT for table `jns_payment`
--
ALTER TABLE `jns_payment`
  MODIFY `id` int(11) NOT NULL AUTO_INCREMENT, AUTO_INCREMENT=10;

--
-- AUTO_INCREMENT for table `lapangan`
--
ALTER TABLE `lapangan`
  MODIFY `id` int(11) NOT NULL AUTO_INCREMENT, AUTO_INCREMENT=4;

--
-- AUTO_INCREMENT for table `notif`
--
ALTER TABLE `notif`
  MODIFY `id` int(11) NOT NULL AUTO_INCREMENT, AUTO_INCREMENT=66;

--
-- AUTO_INCREMENT for table `tutor`
--
ALTER TABLE `tutor`
  MODIFY `id` int(11) NOT NULL AUTO_INCREMENT, AUTO_INCREMENT=5;

--
-- AUTO_INCREMENT for table `user_access_menu`
--
ALTER TABLE `user_access_menu`
  MODIFY `id` int(11) NOT NULL AUTO_INCREMENT, AUTO_INCREMENT=7;

--
-- AUTO_INCREMENT for table `user_menu`
--
ALTER TABLE `user_menu`
  MODIFY `id` int(11) NOT NULL AUTO_INCREMENT, AUTO_INCREMENT=11;

--
-- AUTO_INCREMENT for table `user_role`
--
ALTER TABLE `user_role`
  MODIFY `id` int(11) NOT NULL AUTO_INCREMENT, AUTO_INCREMENT=5;

--
-- AUTO_INCREMENT for table `user_sub_menu`
--
ALTER TABLE `user_sub_menu`
  MODIFY `id` int(11) NOT NULL AUTO_INCREMENT, AUTO_INCREMENT=19;
COMMIT;

/*!40101 SET CHARACTER_SET_CLIENT=@OLD_CHARACTER_SET_CLIENT */;
/*!40101 SET CHARACTER_SET_RESULTS=@OLD_CHARACTER_SET_RESULTS */;
/*!40101 SET COLLATION_CONNECTION=@OLD_COLLATION_CONNECTION */;
